CRITICAL - 2025-02-12 05:27:50 --> ErrorException: Undefined variable $encrypter
[Method: GET, Route: enkripsi]
in APPPATH\Views\enkripsi.php on line 7.
 1 APPPATH\Views\enkripsi.php(7): CodeIgniter\Debug\Exceptions->errorHandler(2, 'Undefined variable $encrypter', 'C:\\xampp\\htdocs\\ujikom\\app\\Views\\enkripsi.php', 7)
 2 SYSTEMPATH\View\View.php(224): include('C:\\xampp\\htdocs\\ujikom\\app\\Views\\enkripsi.php')
 3 SYSTEMPATH\View\View.php(227): CodeIgniter\View\View->CodeIgniter\View\{closure}()
 4 SYSTEMPATH\Common.php(1173): CodeIgniter\View\View->render('enkripsi', [], true)
 5 APPPATH\Controllers\UjiKom.php(28): view('enkripsi')
 6 SYSTEMPATH\CodeIgniter.php(933): App\Controllers\Ujikom->enkripsi()
 7 SYSTEMPATH\CodeIgniter.php(507): CodeIgniter\CodeIgniter->runController(Object(App\Controllers\Ujikom))
 8 SYSTEMPATH\CodeIgniter.php(354): CodeIgniter\CodeIgniter->handleRequest(null, Object(Config\Cache), false)
 9 SYSTEMPATH\Boot.php(334): CodeIgniter\CodeIgniter->run()
10 SYSTEMPATH\Boot.php(67): CodeIgniter\Boot::runCodeIgniter(Object(CodeIgniter\CodeIgniter))
11 FCPATH\index.php(56): CodeIgniter\Boot::bootWeb(Object(Config\Paths))
12 SYSTEMPATH\rewrite.php(44): require_once('C:\\xampp\\htdocs\\ujikom\\public\\index.php')
CRITICAL - 2025-02-12 05:28:09 --> CodeIgniter\Encryption\Exceptions\EncryptionException: Encrypter needs a starter key.
[Method: GET, Route: enkripsi]
in SYSTEMPATH\Encryption\Encryption.php on line 128.
 1 SYSTEMPATH\Encryption\Encryption.php(128): CodeIgniter\Encryption\Exceptions\EncryptionException::forNeedsStarterKey()
 2 SYSTEMPATH\Config\Services.php(256): CodeIgniter\Encryption\Encryption->initialize(Object(Config\Encryption))
 3 SYSTEMPATH\Config\BaseService.php(321): CodeIgniter\Config\Services::encrypter()
 4 SYSTEMPATH\Config\BaseService.php(202): CodeIgniter\Config\BaseService::__callStatic('encrypter', [])
 5 SYSTEMPATH\Common.php(1000): CodeIgniter\Config\BaseService::get('encrypter')
 6 APPPATH\Views\enkripsi.php(5): service('encrypter')
 7 SYSTEMPATH\View\View.php(224): include('C:\\xampp\\htdocs\\ujikom\\app\\Views\\enkripsi.php')
 8 SYSTEMPATH\View\View.php(227): CodeIgniter\View\View->CodeIgniter\View\{closure}()
 9 SYSTEMPATH\Common.php(1173): CodeIgniter\View\View->render('enkripsi', [], true)
10 APPPATH\Controllers\UjiKom.php(28): view('enkripsi')
11 SYSTEMPATH\CodeIgniter.php(933): App\Controllers\Ujikom->enkripsi()
12 SYSTEMPATH\CodeIgniter.php(507): CodeIgniter\CodeIgniter->runController(Object(App\Controllers\Ujikom))
13 SYSTEMPATH\CodeIgniter.php(354): CodeIgniter\CodeIgniter->handleRequest(null, Object(Config\Cache), false)
14 SYSTEMPATH\Boot.php(334): CodeIgniter\CodeIgniter->run()
15 SYSTEMPATH\Boot.php(67): CodeIgniter\Boot::runCodeIgniter(Object(CodeIgniter\CodeIgniter))
16 FCPATH\index.php(56): CodeIgniter\Boot::bootWeb(Object(Config\Paths))
17 SYSTEMPATH\rewrite.php(44): require_once('C:\\xampp\\htdocs\\ujikom\\public\\index.php')
CRITICAL - 2025-02-12 05:35:54 --> ErrorException: Undefined variable $row
[Method: GET, Route: crud]
in APPPATH\Views\crud.php on line 29.
 1 APPPATH\Views\crud.php(29): CodeIgniter\Debug\Exceptions->errorHandler(2, 'Undefined variable $row', 'C:\\xampp\\htdocs\\ujikom\\app\\Views\\crud.php', 29)
 2 SYSTEMPATH\View\View.php(224): include('C:\\xampp\\htdocs\\ujikom\\app\\Views\\crud.php')
 3 SYSTEMPATH\View\View.php(227): CodeIgniter\View\View->CodeIgniter\View\{closure}()
 4 SYSTEMPATH\Common.php(1173): CodeIgniter\View\View->render('crud', [], true)
 5 APPPATH\Controllers\UjiKom.php(23): view('crud', [...])
 6 SYSTEMPATH\CodeIgniter.php(933): App\Controllers\Ujikom->crud()
 7 SYSTEMPATH\CodeIgniter.php(507): CodeIgniter\CodeIgniter->runController(Object(App\Controllers\Ujikom))
 8 SYSTEMPATH\CodeIgniter.php(354): CodeIgniter\CodeIgniter->handleRequest(null, Object(Config\Cache), false)
 9 SYSTEMPATH\Boot.php(334): CodeIgniter\CodeIgniter->run()
10 SYSTEMPATH\Boot.php(67): CodeIgniter\Boot::runCodeIgniter(Object(CodeIgniter\CodeIgniter))
11 FCPATH\index.php(56): CodeIgniter\Boot::bootWeb(Object(Config\Paths))
12 SYSTEMPATH\rewrite.php(44): require_once('C:\\xampp\\htdocs\\ujikom\\public\\index.php')
CRITICAL - 2025-02-12 05:48:02 --> CodeIgniter\View\Exceptions\ViewException: Invalid file: "tambah_php.php"
[Method: GET, Route: tambah]
in SYSTEMPATH\Exceptions\FrameworkException.php on line 39.
 1 SYSTEMPATH\View\View.php(212): CodeIgniter\Exceptions\FrameworkException::forInvalidFile('tambah_php.php')
 2 SYSTEMPATH\Common.php(1173): CodeIgniter\View\View->render('tambah_php', [], true)
 3 APPPATH\Controllers\UjiKom.php(37): view('tambah_php')
 4 SYSTEMPATH\CodeIgniter.php(933): App\Controllers\Ujikom->tambah()
 5 SYSTEMPATH\CodeIgniter.php(507): CodeIgniter\CodeIgniter->runController(Object(App\Controllers\Ujikom))
 6 SYSTEMPATH\CodeIgniter.php(354): CodeIgniter\CodeIgniter->handleRequest(null, Object(Config\Cache), false)
 7 SYSTEMPATH\Boot.php(334): CodeIgniter\CodeIgniter->run()
 8 SYSTEMPATH\Boot.php(67): CodeIgniter\Boot::runCodeIgniter(Object(CodeIgniter\CodeIgniter))
 9 FCPATH\index.php(56): CodeIgniter\Boot::bootWeb(Object(Config\Paths))
10 SYSTEMPATH\rewrite.php(44): require_once('C:\\xampp\\htdocs\\ujikom\\public\\index.php')
CRITICAL - 2025-02-12 05:48:27 --> CodeIgniter\View\Exceptions\ViewException: Invalid file: "tambah.php"
[Method: GET, Route: tambah]
in SYSTEMPATH\Exceptions\FrameworkException.php on line 39.
 1 SYSTEMPATH\View\View.php(212): CodeIgniter\Exceptions\FrameworkException::forInvalidFile('tambah.php')
 2 SYSTEMPATH\Common.php(1173): CodeIgniter\View\View->render('tambah', [], true)
 3 APPPATH\Controllers\UjiKom.php(37): view('tambah')
 4 SYSTEMPATH\CodeIgniter.php(933): App\Controllers\Ujikom->tambah()
 5 SYSTEMPATH\CodeIgniter.php(507): CodeIgniter\CodeIgniter->runController(Object(App\Controllers\Ujikom))
 6 SYSTEMPATH\CodeIgniter.php(354): CodeIgniter\CodeIgniter->handleRequest(null, Object(Config\Cache), false)
 7 SYSTEMPATH\Boot.php(334): CodeIgniter\CodeIgniter->run()
 8 SYSTEMPATH\Boot.php(67): CodeIgniter\Boot::runCodeIgniter(Object(CodeIgniter\CodeIgniter))
 9 FCPATH\index.php(56): CodeIgniter\Boot::bootWeb(Object(Config\Paths))
10 SYSTEMPATH\rewrite.php(44): require_once('C:\\xampp\\htdocs\\ujikom\\public\\index.php')
CRITICAL - 2025-02-12 05:48:33 --> ErrorException: Undefined variable $title
[Method: GET, Route: tambah]
in APPPATH\Views\tambah_crud.php on line 6.
 1 APPPATH\Views\tambah_crud.php(6): CodeIgniter\Debug\Exceptions->errorHandler(2, 'Undefined variable $title', 'C:\\xampp\\htdocs\\ujikom\\app\\Views\\tambah_crud.php', 6)
 2 SYSTEMPATH\View\View.php(224): include('C:\\xampp\\htdocs\\ujikom\\app\\Views\\tambah_crud.php')
 3 SYSTEMPATH\View\View.php(227): CodeIgniter\View\View->CodeIgniter\View\{closure}()
 4 SYSTEMPATH\Common.php(1173): CodeIgniter\View\View->render('tambah_crud', [], true)
 5 APPPATH\Controllers\UjiKom.php(37): view('tambah_crud')
 6 SYSTEMPATH\CodeIgniter.php(933): App\Controllers\Ujikom->tambah()
 7 SYSTEMPATH\CodeIgniter.php(507): CodeIgniter\CodeIgniter->runController(Object(App\Controllers\Ujikom))
 8 SYSTEMPATH\CodeIgniter.php(354): CodeIgniter\CodeIgniter->handleRequest(null, Object(Config\Cache), false)
 9 SYSTEMPATH\Boot.php(334): CodeIgniter\CodeIgniter->run()
10 SYSTEMPATH\Boot.php(67): CodeIgniter\Boot::runCodeIgniter(Object(CodeIgniter\CodeIgniter))
11 FCPATH\index.php(56): CodeIgniter\Boot::bootWeb(Object(Config\Paths))
12 SYSTEMPATH\rewrite.php(44): require_once('C:\\xampp\\htdocs\\ujikom\\public\\index.php')
ERROR - 2025-02-12 06:01:20 --> mysqli_sql_exception: You have an error in your SQL syntax; check the manual that corresponds to your MariaDB server version for the right syntax to use near '`siswa`.`id`' at line 3 in C:\xampp\htdocs\ujikom\system\Database\MySQLi\Connection.php:327
Stack trace:
#0 C:\xampp\htdocs\ujikom\system\Database\MySQLi\Connection.php(327): mysqli->query('SELECT *\nFROM `...', 0)
#1 C:\xampp\htdocs\ujikom\system\Database\BaseConnection.php(738): CodeIgniter\Database\MySQLi\Connection->execute('SELECT *\nFROM `...')
#2 C:\xampp\htdocs\ujikom\system\Database\BaseConnection.php(652): CodeIgniter\Database\BaseConnection->simpleQuery('SELECT *\nFROM `...')
#3 C:\xampp\htdocs\ujikom\system\Database\BaseBuilder.php(1649): CodeIgniter\Database\BaseConnection->query('SELECT *\nFROM `...', Array, false)
#4 C:\xampp\htdocs\ujikom\app\Models\SiswaModel.php(14): CodeIgniter\Database\BaseBuilder->get()
#5 C:\xampp\htdocs\ujikom\app\Controllers\UjiKom.php(23): App\Models\SiswaModel->getAllSiswa()
#6 C:\xampp\htdocs\ujikom\system\CodeIgniter.php(933): App\Controllers\Ujikom->crud()
#7 C:\xampp\htdocs\ujikom\system\CodeIgniter.php(507): CodeIgniter\CodeIgniter->runController(Object(App\Controllers\Ujikom))
#8 C:\xampp\htdocs\ujikom\system\CodeIgniter.php(354): CodeIgniter\CodeIgniter->handleRequest(NULL, Object(Config\Cache), false)
#9 C:\xampp\htdocs\ujikom\system\Boot.php(334): CodeIgniter\CodeIgniter->run()
#10 C:\xampp\htdocs\ujikom\system\Boot.php(67): CodeIgniter\Boot::runCodeIgniter(Object(CodeIgniter\CodeIgniter))
#11 C:\xampp\htdocs\ujikom\public\index.php(56): CodeIgniter\Boot::bootWeb(Object(Config\Paths))
#12 C:\xampp\htdocs\ujikom\system\rewrite.php(44): require_once('C:\\xampp\\htdocs...')
#13 {main}
CRITICAL - 2025-02-12 06:01:20 --> CodeIgniter\Database\Exceptions\DatabaseException: You have an error in your SQL syntax; check the manual that corresponds to your MariaDB server version for the right syntax to use near '`siswa`.`id`' at line 3
[Method: GET, Route: crud]
in SYSTEMPATH\Database\BaseConnection.php on line 692.
 1 SYSTEMPATH\Database\BaseBuilder.php(1649): CodeIgniter\Database\BaseConnection->query('SELECT *
FROM `siswa`
JOIN `eskul` ON `eskul`.`id_siswa` =`=` `siswa`.`id`', [], false)
 2 APPPATH\Models\SiswaModel.php(14): CodeIgniter\Database\BaseBuilder->get()
 3 APPPATH\Controllers\UjiKom.php(23): App\Models\SiswaModel->getAllSiswa()
 4 SYSTEMPATH\CodeIgniter.php(933): App\Controllers\Ujikom->crud()
 5 SYSTEMPATH\CodeIgniter.php(507): CodeIgniter\CodeIgniter->runController(Object(App\Controllers\Ujikom))
 6 SYSTEMPATH\CodeIgniter.php(354): CodeIgniter\CodeIgniter->handleRequest(null, Object(Config\Cache), false)
 7 SYSTEMPATH\Boot.php(334): CodeIgniter\CodeIgniter->run()
 8 SYSTEMPATH\Boot.php(67): CodeIgniter\Boot::runCodeIgniter(Object(CodeIgniter\CodeIgniter))
 9 FCPATH\index.php(56): CodeIgniter\Boot::bootWeb(Object(Config\Paths))
10 SYSTEMPATH\rewrite.php(44): require_once('C:\\xampp\\htdocs\\ujikom\\public\\index.php')
CRITICAL - 2025-02-12 06:01:20 --> [Caused by] CodeIgniter\Database\Exceptions\DatabaseException: You have an error in your SQL syntax; check the manual that corresponds to your MariaDB server version for the right syntax to use near '`siswa`.`id`' at line 3
in SYSTEMPATH\Database\MySQLi\Connection.php on line 332.
 1 SYSTEMPATH\Database\BaseConnection.php(738): CodeIgniter\Database\MySQLi\Connection->execute('SELECT *
FROM `siswa`
JOIN `eskul` ON `eskul`.`id_siswa` =`=` `siswa`.`id`')
 2 SYSTEMPATH\Database\BaseConnection.php(652): CodeIgniter\Database\BaseConnection->simpleQuery('SELECT *
FROM `siswa`
JOIN `eskul` ON `eskul`.`id_siswa` =`=` `siswa`.`id`')
 3 SYSTEMPATH\Database\BaseBuilder.php(1649): CodeIgniter\Database\BaseConnection->query('SELECT *
FROM `siswa`
JOIN `eskul` ON `eskul`.`id_siswa` =`=` `siswa`.`id`', [], false)
 4 APPPATH\Models\SiswaModel.php(14): CodeIgniter\Database\BaseBuilder->get()
 5 APPPATH\Controllers\UjiKom.php(23): App\Models\SiswaModel->getAllSiswa()
 6 SYSTEMPATH\CodeIgniter.php(933): App\Controllers\Ujikom->crud()
 7 SYSTEMPATH\CodeIgniter.php(507): CodeIgniter\CodeIgniter->runController(Object(App\Controllers\Ujikom))
 8 SYSTEMPATH\CodeIgniter.php(354): CodeIgniter\CodeIgniter->handleRequest(null, Object(Config\Cache), false)
 9 SYSTEMPATH\Boot.php(334): CodeIgniter\CodeIgniter->run()
10 SYSTEMPATH\Boot.php(67): CodeIgniter\Boot::runCodeIgniter(Object(CodeIgniter\CodeIgniter))
11 FCPATH\index.php(56): CodeIgniter\Boot::bootWeb(Object(Config\Paths))
12 SYSTEMPATH\rewrite.php(44): require_once('C:\\xampp\\htdocs\\ujikom\\public\\index.php')
CRITICAL - 2025-02-12 06:01:20 --> [Caused by] mysqli_sql_exception: You have an error in your SQL syntax; check the manual that corresponds to your MariaDB server version for the right syntax to use near '`siswa`.`id`' at line 3
in SYSTEMPATH\Database\MySQLi\Connection.php on line 327.
 1 SYSTEMPATH\Database\MySQLi\Connection.php(327): mysqli->query('SELECT *
FROM `siswa`
JOIN `eskul` ON `eskul`.`id_siswa` =`=` `siswa`.`id`', 0)
 2 SYSTEMPATH\Database\BaseConnection.php(738): CodeIgniter\Database\MySQLi\Connection->execute('SELECT *
FROM `siswa`
JOIN `eskul` ON `eskul`.`id_siswa` =`=` `siswa`.`id`')
 3 SYSTEMPATH\Database\BaseConnection.php(652): CodeIgniter\Database\BaseConnection->simpleQuery('SELECT *
FROM `siswa`
JOIN `eskul` ON `eskul`.`id_siswa` =`=` `siswa`.`id`')
 4 SYSTEMPATH\Database\BaseBuilder.php(1649): CodeIgniter\Database\BaseConnection->query('SELECT *
FROM `siswa`
JOIN `eskul` ON `eskul`.`id_siswa` =`=` `siswa`.`id`', [], false)
 5 APPPATH\Models\SiswaModel.php(14): CodeIgniter\Database\BaseBuilder->get()
 6 APPPATH\Controllers\UjiKom.php(23): App\Models\SiswaModel->getAllSiswa()
 7 SYSTEMPATH\CodeIgniter.php(933): App\Controllers\Ujikom->crud()
 8 SYSTEMPATH\CodeIgniter.php(507): CodeIgniter\CodeIgniter->runController(Object(App\Controllers\Ujikom))
 9 SYSTEMPATH\CodeIgniter.php(354): CodeIgniter\CodeIgniter->handleRequest(null, Object(Config\Cache), false)
10 SYSTEMPATH\Boot.php(334): CodeIgniter\CodeIgniter->run()
11 SYSTEMPATH\Boot.php(67): CodeIgniter\Boot::runCodeIgniter(Object(CodeIgniter\CodeIgniter))
12 FCPATH\index.php(56): CodeIgniter\Boot::bootWeb(Object(Config\Paths))
13 SYSTEMPATH\rewrite.php(44): require_once('C:\\xampp\\htdocs\\ujikom\\public\\index.php')
ERROR - 2025-02-12 06:02:53 --> mysqli_sql_exception: You have an error in your SQL syntax; check the manual that corresponds to your MariaDB server version for the right syntax to use near '`siswa`.`id`' at line 3 in C:\xampp\htdocs\ujikom\system\Database\MySQLi\Connection.php:327
Stack trace:
#0 C:\xampp\htdocs\ujikom\system\Database\MySQLi\Connection.php(327): mysqli->query('SELECT *\nFROM `...', 0)
#1 C:\xampp\htdocs\ujikom\system\Database\BaseConnection.php(738): CodeIgniter\Database\MySQLi\Connection->execute('SELECT *\nFROM `...')
#2 C:\xampp\htdocs\ujikom\system\Database\BaseConnection.php(652): CodeIgniter\Database\BaseConnection->simpleQuery('SELECT *\nFROM `...')
#3 C:\xampp\htdocs\ujikom\system\Database\BaseBuilder.php(1649): CodeIgniter\Database\BaseConnection->query('SELECT *\nFROM `...', Array, false)
#4 C:\xampp\htdocs\ujikom\app\Models\SiswaModel.php(14): CodeIgniter\Database\BaseBuilder->get()
#5 C:\xampp\htdocs\ujikom\app\Controllers\UjiKom.php(23): App\Models\SiswaModel->getAllSiswa()
#6 C:\xampp\htdocs\ujikom\system\CodeIgniter.php(933): App\Controllers\Ujikom->crud()
#7 C:\xampp\htdocs\ujikom\system\CodeIgniter.php(507): CodeIgniter\CodeIgniter->runController(Object(App\Controllers\Ujikom))
#8 C:\xampp\htdocs\ujikom\system\CodeIgniter.php(354): CodeIgniter\CodeIgniter->handleRequest(NULL, Object(Config\Cache), false)
#9 C:\xampp\htdocs\ujikom\system\Boot.php(334): CodeIgniter\CodeIgniter->run()
#10 C:\xampp\htdocs\ujikom\system\Boot.php(67): CodeIgniter\Boot::runCodeIgniter(Object(CodeIgniter\CodeIgniter))
#11 C:\xampp\htdocs\ujikom\public\index.php(56): CodeIgniter\Boot::bootWeb(Object(Config\Paths))
#12 C:\xampp\htdocs\ujikom\system\rewrite.php(44): require_once('C:\\xampp\\htdocs...')
#13 {main}
CRITICAL - 2025-02-12 06:02:53 --> CodeIgniter\Database\Exceptions\DatabaseException: You have an error in your SQL syntax; check the manual that corresponds to your MariaDB server version for the right syntax to use near '`siswa`.`id`' at line 3
[Method: GET, Route: crud]
in SYSTEMPATH\Database\BaseConnection.php on line 692.
 1 SYSTEMPATH\Database\BaseBuilder.php(1649): CodeIgniter\Database\BaseConnection->query('SELECT *
FROM `siswa`
JOIN `eskul` ON `eskul`.`id_siswa` =`=` `siswa`.`id`', [], false)
 2 APPPATH\Models\SiswaModel.php(14): CodeIgniter\Database\BaseBuilder->get()
 3 APPPATH\Controllers\UjiKom.php(23): App\Models\SiswaModel->getAllSiswa()
 4 SYSTEMPATH\CodeIgniter.php(933): App\Controllers\Ujikom->crud()
 5 SYSTEMPATH\CodeIgniter.php(507): CodeIgniter\CodeIgniter->runController(Object(App\Controllers\Ujikom))
 6 SYSTEMPATH\CodeIgniter.php(354): CodeIgniter\CodeIgniter->handleRequest(null, Object(Config\Cache), false)
 7 SYSTEMPATH\Boot.php(334): CodeIgniter\CodeIgniter->run()
 8 SYSTEMPATH\Boot.php(67): CodeIgniter\Boot::runCodeIgniter(Object(CodeIgniter\CodeIgniter))
 9 FCPATH\index.php(56): CodeIgniter\Boot::bootWeb(Object(Config\Paths))
10 SYSTEMPATH\rewrite.php(44): require_once('C:\\xampp\\htdocs\\ujikom\\public\\index.php')
CRITICAL - 2025-02-12 06:02:53 --> [Caused by] CodeIgniter\Database\Exceptions\DatabaseException: You have an error in your SQL syntax; check the manual that corresponds to your MariaDB server version for the right syntax to use near '`siswa`.`id`' at line 3
in SYSTEMPATH\Database\MySQLi\Connection.php on line 332.
 1 SYSTEMPATH\Database\BaseConnection.php(738): CodeIgniter\Database\MySQLi\Connection->execute('SELECT *
FROM `siswa`
JOIN `eskul` ON `eskul`.`id_siswa` =`=` `siswa`.`id`')
 2 SYSTEMPATH\Database\BaseConnection.php(652): CodeIgniter\Database\BaseConnection->simpleQuery('SELECT *
FROM `siswa`
JOIN `eskul` ON `eskul`.`id_siswa` =`=` `siswa`.`id`')
 3 SYSTEMPATH\Database\BaseBuilder.php(1649): CodeIgniter\Database\BaseConnection->query('SELECT *
FROM `siswa`
JOIN `eskul` ON `eskul`.`id_siswa` =`=` `siswa`.`id`', [], false)
 4 APPPATH\Models\SiswaModel.php(14): CodeIgniter\Database\BaseBuilder->get()
 5 APPPATH\Controllers\UjiKom.php(23): App\Models\SiswaModel->getAllSiswa()
 6 SYSTEMPATH\CodeIgniter.php(933): App\Controllers\Ujikom->crud()
 7 SYSTEMPATH\CodeIgniter.php(507): CodeIgniter\CodeIgniter->runController(Object(App\Controllers\Ujikom))
 8 SYSTEMPATH\CodeIgniter.php(354): CodeIgniter\CodeIgniter->handleRequest(null, Object(Config\Cache), false)
 9 SYSTEMPATH\Boot.php(334): CodeIgniter\CodeIgniter->run()
10 SYSTEMPATH\Boot.php(67): CodeIgniter\Boot::runCodeIgniter(Object(CodeIgniter\CodeIgniter))
11 FCPATH\index.php(56): CodeIgniter\Boot::bootWeb(Object(Config\Paths))
12 SYSTEMPATH\rewrite.php(44): require_once('C:\\xampp\\htdocs\\ujikom\\public\\index.php')
CRITICAL - 2025-02-12 06:02:53 --> [Caused by] mysqli_sql_exception: You have an error in your SQL syntax; check the manual that corresponds to your MariaDB server version for the right syntax to use near '`siswa`.`id`' at line 3
in SYSTEMPATH\Database\MySQLi\Connection.php on line 327.
 1 SYSTEMPATH\Database\MySQLi\Connection.php(327): mysqli->query('SELECT *
FROM `siswa`
JOIN `eskul` ON `eskul`.`id_siswa` =`=` `siswa`.`id`', 0)
 2 SYSTEMPATH\Database\BaseConnection.php(738): CodeIgniter\Database\MySQLi\Connection->execute('SELECT *
FROM `siswa`
JOIN `eskul` ON `eskul`.`id_siswa` =`=` `siswa`.`id`')
 3 SYSTEMPATH\Database\BaseConnection.php(652): CodeIgniter\Database\BaseConnection->simpleQuery('SELECT *
FROM `siswa`
JOIN `eskul` ON `eskul`.`id_siswa` =`=` `siswa`.`id`')
 4 SYSTEMPATH\Database\BaseBuilder.php(1649): CodeIgniter\Database\BaseConnection->query('SELECT *
FROM `siswa`
JOIN `eskul` ON `eskul`.`id_siswa` =`=` `siswa`.`id`', [], false)
 5 APPPATH\Models\SiswaModel.php(14): CodeIgniter\Database\BaseBuilder->get()
 6 APPPATH\Controllers\UjiKom.php(23): App\Models\SiswaModel->getAllSiswa()
 7 SYSTEMPATH\CodeIgniter.php(933): App\Controllers\Ujikom->crud()
 8 SYSTEMPATH\CodeIgniter.php(507): CodeIgniter\CodeIgniter->runController(Object(App\Controllers\Ujikom))
 9 SYSTEMPATH\CodeIgniter.php(354): CodeIgniter\CodeIgniter->handleRequest(null, Object(Config\Cache), false)
10 SYSTEMPATH\Boot.php(334): CodeIgniter\CodeIgniter->run()
11 SYSTEMPATH\Boot.php(67): CodeIgniter\Boot::runCodeIgniter(Object(CodeIgniter\CodeIgniter))
12 FCPATH\index.php(56): CodeIgniter\Boot::bootWeb(Object(Config\Paths))
13 SYSTEMPATH\rewrite.php(44): require_once('C:\\xampp\\htdocs\\ujikom\\public\\index.php')
ERROR - 2025-02-12 06:02:53 --> mysqli_sql_exception: You have an error in your SQL syntax; check the manual that corresponds to your MariaDB server version for the right syntax to use near '`siswa`.`id`' at line 3 in C:\xampp\htdocs\ujikom\system\Database\MySQLi\Connection.php:327
Stack trace:
#0 C:\xampp\htdocs\ujikom\system\Database\MySQLi\Connection.php(327): mysqli->query('SELECT *\nFROM `...', 0)
#1 C:\xampp\htdocs\ujikom\system\Database\BaseConnection.php(738): CodeIgniter\Database\MySQLi\Connection->execute('SELECT *\nFROM `...')
#2 C:\xampp\htdocs\ujikom\system\Database\BaseConnection.php(652): CodeIgniter\Database\BaseConnection->simpleQuery('SELECT *\nFROM `...')
#3 C:\xampp\htdocs\ujikom\system\Database\BaseBuilder.php(1649): CodeIgniter\Database\BaseConnection->query('SELECT *\nFROM `...', Array, false)
#4 C:\xampp\htdocs\ujikom\app\Models\SiswaModel.php(14): CodeIgniter\Database\BaseBuilder->get()
#5 C:\xampp\htdocs\ujikom\app\Controllers\UjiKom.php(23): App\Models\SiswaModel->getAllSiswa()
#6 C:\xampp\htdocs\ujikom\system\CodeIgniter.php(933): App\Controllers\Ujikom->crud()
#7 C:\xampp\htdocs\ujikom\system\CodeIgniter.php(507): CodeIgniter\CodeIgniter->runController(Object(App\Controllers\Ujikom))
#8 C:\xampp\htdocs\ujikom\system\CodeIgniter.php(354): CodeIgniter\CodeIgniter->handleRequest(NULL, Object(Config\Cache), false)
#9 C:\xampp\htdocs\ujikom\system\Boot.php(334): CodeIgniter\CodeIgniter->run()
#10 C:\xampp\htdocs\ujikom\system\Boot.php(67): CodeIgniter\Boot::runCodeIgniter(Object(CodeIgniter\CodeIgniter))
#11 C:\xampp\htdocs\ujikom\public\index.php(56): CodeIgniter\Boot::bootWeb(Object(Config\Paths))
#12 C:\xampp\htdocs\ujikom\system\rewrite.php(44): require_once('C:\\xampp\\htdocs...')
#13 {main}
CRITICAL - 2025-02-12 06:02:53 --> CodeIgniter\Database\Exceptions\DatabaseException: You have an error in your SQL syntax; check the manual that corresponds to your MariaDB server version for the right syntax to use near '`siswa`.`id`' at line 3
[Method: GET, Route: crud]
in SYSTEMPATH\Database\BaseConnection.php on line 692.
 1 SYSTEMPATH\Database\BaseBuilder.php(1649): CodeIgniter\Database\BaseConnection->query('SELECT *
FROM `siswa`
JOIN `eskul` ON `eskul`.`id_siswa` =`=` `siswa`.`id`', [], false)
 2 APPPATH\Models\SiswaModel.php(14): CodeIgniter\Database\BaseBuilder->get()
 3 APPPATH\Controllers\UjiKom.php(23): App\Models\SiswaModel->getAllSiswa()
 4 SYSTEMPATH\CodeIgniter.php(933): App\Controllers\Ujikom->crud()
 5 SYSTEMPATH\CodeIgniter.php(507): CodeIgniter\CodeIgniter->runController(Object(App\Controllers\Ujikom))
 6 SYSTEMPATH\CodeIgniter.php(354): CodeIgniter\CodeIgniter->handleRequest(null, Object(Config\Cache), false)
 7 SYSTEMPATH\Boot.php(334): CodeIgniter\CodeIgniter->run()
 8 SYSTEMPATH\Boot.php(67): CodeIgniter\Boot::runCodeIgniter(Object(CodeIgniter\CodeIgniter))
 9 FCPATH\index.php(56): CodeIgniter\Boot::bootWeb(Object(Config\Paths))
10 SYSTEMPATH\rewrite.php(44): require_once('C:\\xampp\\htdocs\\ujikom\\public\\index.php')
CRITICAL - 2025-02-12 06:02:53 --> [Caused by] CodeIgniter\Database\Exceptions\DatabaseException: You have an error in your SQL syntax; check the manual that corresponds to your MariaDB server version for the right syntax to use near '`siswa`.`id`' at line 3
in SYSTEMPATH\Database\MySQLi\Connection.php on line 332.
 1 SYSTEMPATH\Database\BaseConnection.php(738): CodeIgniter\Database\MySQLi\Connection->execute('SELECT *
FROM `siswa`
JOIN `eskul` ON `eskul`.`id_siswa` =`=` `siswa`.`id`')
 2 SYSTEMPATH\Database\BaseConnection.php(652): CodeIgniter\Database\BaseConnection->simpleQuery('SELECT *
FROM `siswa`
JOIN `eskul` ON `eskul`.`id_siswa` =`=` `siswa`.`id`')
 3 SYSTEMPATH\Database\BaseBuilder.php(1649): CodeIgniter\Database\BaseConnection->query('SELECT *
FROM `siswa`
JOIN `eskul` ON `eskul`.`id_siswa` =`=` `siswa`.`id`', [], false)
 4 APPPATH\Models\SiswaModel.php(14): CodeIgniter\Database\BaseBuilder->get()
 5 APPPATH\Controllers\UjiKom.php(23): App\Models\SiswaModel->getAllSiswa()
 6 SYSTEMPATH\CodeIgniter.php(933): App\Controllers\Ujikom->crud()
 7 SYSTEMPATH\CodeIgniter.php(507): CodeIgniter\CodeIgniter->runController(Object(App\Controllers\Ujikom))
 8 SYSTEMPATH\CodeIgniter.php(354): CodeIgniter\CodeIgniter->handleRequest(null, Object(Config\Cache), false)
 9 SYSTEMPATH\Boot.php(334): CodeIgniter\CodeIgniter->run()
10 SYSTEMPATH\Boot.php(67): CodeIgniter\Boot::runCodeIgniter(Object(CodeIgniter\CodeIgniter))
11 FCPATH\index.php(56): CodeIgniter\Boot::bootWeb(Object(Config\Paths))
12 SYSTEMPATH\rewrite.php(44): require_once('C:\\xampp\\htdocs\\ujikom\\public\\index.php')
CRITICAL - 2025-02-12 06:02:53 --> [Caused by] mysqli_sql_exception: You have an error in your SQL syntax; check the manual that corresponds to your MariaDB server version for the right syntax to use near '`siswa`.`id`' at line 3
in SYSTEMPATH\Database\MySQLi\Connection.php on line 327.
 1 SYSTEMPATH\Database\MySQLi\Connection.php(327): mysqli->query('SELECT *
FROM `siswa`
JOIN `eskul` ON `eskul`.`id_siswa` =`=` `siswa`.`id`', 0)
 2 SYSTEMPATH\Database\BaseConnection.php(738): CodeIgniter\Database\MySQLi\Connection->execute('SELECT *
FROM `siswa`
JOIN `eskul` ON `eskul`.`id_siswa` =`=` `siswa`.`id`')
 3 SYSTEMPATH\Database\BaseConnection.php(652): CodeIgniter\Database\BaseConnection->simpleQuery('SELECT *
FROM `siswa`
JOIN `eskul` ON `eskul`.`id_siswa` =`=` `siswa`.`id`')
 4 SYSTEMPATH\Database\BaseBuilder.php(1649): CodeIgniter\Database\BaseConnection->query('SELECT *
FROM `siswa`
JOIN `eskul` ON `eskul`.`id_siswa` =`=` `siswa`.`id`', [], false)
 5 APPPATH\Models\SiswaModel.php(14): CodeIgniter\Database\BaseBuilder->get()
 6 APPPATH\Controllers\UjiKom.php(23): App\Models\SiswaModel->getAllSiswa()
 7 SYSTEMPATH\CodeIgniter.php(933): App\Controllers\Ujikom->crud()
 8 SYSTEMPATH\CodeIgniter.php(507): CodeIgniter\CodeIgniter->runController(Object(App\Controllers\Ujikom))
 9 SYSTEMPATH\CodeIgniter.php(354): CodeIgniter\CodeIgniter->handleRequest(null, Object(Config\Cache), false)
10 SYSTEMPATH\Boot.php(334): CodeIgniter\CodeIgniter->run()
11 SYSTEMPATH\Boot.php(67): CodeIgniter\Boot::runCodeIgniter(Object(CodeIgniter\CodeIgniter))
12 FCPATH\index.php(56): CodeIgniter\Boot::bootWeb(Object(Config\Paths))
13 SYSTEMPATH\rewrite.php(44): require_once('C:\\xampp\\htdocs\\ujikom\\public\\index.php')
ERROR - 2025-02-12 06:02:54 --> mysqli_sql_exception: You have an error in your SQL syntax; check the manual that corresponds to your MariaDB server version for the right syntax to use near '`siswa`.`id`' at line 3 in C:\xampp\htdocs\ujikom\system\Database\MySQLi\Connection.php:327
Stack trace:
#0 C:\xampp\htdocs\ujikom\system\Database\MySQLi\Connection.php(327): mysqli->query('SELECT *\nFROM `...', 0)
#1 C:\xampp\htdocs\ujikom\system\Database\BaseConnection.php(738): CodeIgniter\Database\MySQLi\Connection->execute('SELECT *\nFROM `...')
#2 C:\xampp\htdocs\ujikom\system\Database\BaseConnection.php(652): CodeIgniter\Database\BaseConnection->simpleQuery('SELECT *\nFROM `...')
#3 C:\xampp\htdocs\ujikom\system\Database\BaseBuilder.php(1649): CodeIgniter\Database\BaseConnection->query('SELECT *\nFROM `...', Array, false)
#4 C:\xampp\htdocs\ujikom\app\Models\SiswaModel.php(14): CodeIgniter\Database\BaseBuilder->get()
#5 C:\xampp\htdocs\ujikom\app\Controllers\UjiKom.php(23): App\Models\SiswaModel->getAllSiswa()
#6 C:\xampp\htdocs\ujikom\system\CodeIgniter.php(933): App\Controllers\Ujikom->crud()
#7 C:\xampp\htdocs\ujikom\system\CodeIgniter.php(507): CodeIgniter\CodeIgniter->runController(Object(App\Controllers\Ujikom))
#8 C:\xampp\htdocs\ujikom\system\CodeIgniter.php(354): CodeIgniter\CodeIgniter->handleRequest(NULL, Object(Config\Cache), false)
#9 C:\xampp\htdocs\ujikom\system\Boot.php(334): CodeIgniter\CodeIgniter->run()
#10 C:\xampp\htdocs\ujikom\system\Boot.php(67): CodeIgniter\Boot::runCodeIgniter(Object(CodeIgniter\CodeIgniter))
#11 C:\xampp\htdocs\ujikom\public\index.php(56): CodeIgniter\Boot::bootWeb(Object(Config\Paths))
#12 C:\xampp\htdocs\ujikom\system\rewrite.php(44): require_once('C:\\xampp\\htdocs...')
#13 {main}
CRITICAL - 2025-02-12 06:02:54 --> CodeIgniter\Database\Exceptions\DatabaseException: You have an error in your SQL syntax; check the manual that corresponds to your MariaDB server version for the right syntax to use near '`siswa`.`id`' at line 3
[Method: GET, Route: crud]
in SYSTEMPATH\Database\BaseConnection.php on line 692.
 1 SYSTEMPATH\Database\BaseBuilder.php(1649): CodeIgniter\Database\BaseConnection->query('SELECT *
FROM `siswa`
JOIN `eskul` ON `eskul`.`id_siswa` =`=` `siswa`.`id`', [], false)
 2 APPPATH\Models\SiswaModel.php(14): CodeIgniter\Database\BaseBuilder->get()
 3 APPPATH\Controllers\UjiKom.php(23): App\Models\SiswaModel->getAllSiswa()
 4 SYSTEMPATH\CodeIgniter.php(933): App\Controllers\Ujikom->crud()
 5 SYSTEMPATH\CodeIgniter.php(507): CodeIgniter\CodeIgniter->runController(Object(App\Controllers\Ujikom))
 6 SYSTEMPATH\CodeIgniter.php(354): CodeIgniter\CodeIgniter->handleRequest(null, Object(Config\Cache), false)
 7 SYSTEMPATH\Boot.php(334): CodeIgniter\CodeIgniter->run()
 8 SYSTEMPATH\Boot.php(67): CodeIgniter\Boot::runCodeIgniter(Object(CodeIgniter\CodeIgniter))
 9 FCPATH\index.php(56): CodeIgniter\Boot::bootWeb(Object(Config\Paths))
10 SYSTEMPATH\rewrite.php(44): require_once('C:\\xampp\\htdocs\\ujikom\\public\\index.php')
CRITICAL - 2025-02-12 06:02:54 --> [Caused by] CodeIgniter\Database\Exceptions\DatabaseException: You have an error in your SQL syntax; check the manual that corresponds to your MariaDB server version for the right syntax to use near '`siswa`.`id`' at line 3
in SYSTEMPATH\Database\MySQLi\Connection.php on line 332.
 1 SYSTEMPATH\Database\BaseConnection.php(738): CodeIgniter\Database\MySQLi\Connection->execute('SELECT *
FROM `siswa`
JOIN `eskul` ON `eskul`.`id_siswa` =`=` `siswa`.`id`')
 2 SYSTEMPATH\Database\BaseConnection.php(652): CodeIgniter\Database\BaseConnection->simpleQuery('SELECT *
FROM `siswa`
JOIN `eskul` ON `eskul`.`id_siswa` =`=` `siswa`.`id`')
 3 SYSTEMPATH\Database\BaseBuilder.php(1649): CodeIgniter\Database\BaseConnection->query('SELECT *
FROM `siswa`
JOIN `eskul` ON `eskul`.`id_siswa` =`=` `siswa`.`id`', [], false)
 4 APPPATH\Models\SiswaModel.php(14): CodeIgniter\Database\BaseBuilder->get()
 5 APPPATH\Controllers\UjiKom.php(23): App\Models\SiswaModel->getAllSiswa()
 6 SYSTEMPATH\CodeIgniter.php(933): App\Controllers\Ujikom->crud()
 7 SYSTEMPATH\CodeIgniter.php(507): CodeIgniter\CodeIgniter->runController(Object(App\Controllers\Ujikom))
 8 SYSTEMPATH\CodeIgniter.php(354): CodeIgniter\CodeIgniter->handleRequest(null, Object(Config\Cache), false)
 9 SYSTEMPATH\Boot.php(334): CodeIgniter\CodeIgniter->run()
10 SYSTEMPATH\Boot.php(67): CodeIgniter\Boot::runCodeIgniter(Object(CodeIgniter\CodeIgniter))
11 FCPATH\index.php(56): CodeIgniter\Boot::bootWeb(Object(Config\Paths))
12 SYSTEMPATH\rewrite.php(44): require_once('C:\\xampp\\htdocs\\ujikom\\public\\index.php')
CRITICAL - 2025-02-12 06:02:54 --> [Caused by] mysqli_sql_exception: You have an error in your SQL syntax; check the manual that corresponds to your MariaDB server version for the right syntax to use near '`siswa`.`id`' at line 3
in SYSTEMPATH\Database\MySQLi\Connection.php on line 327.
 1 SYSTEMPATH\Database\MySQLi\Connection.php(327): mysqli->query('SELECT *
FROM `siswa`
JOIN `eskul` ON `eskul`.`id_siswa` =`=` `siswa`.`id`', 0)
 2 SYSTEMPATH\Database\BaseConnection.php(738): CodeIgniter\Database\MySQLi\Connection->execute('SELECT *
FROM `siswa`
JOIN `eskul` ON `eskul`.`id_siswa` =`=` `siswa`.`id`')
 3 SYSTEMPATH\Database\BaseConnection.php(652): CodeIgniter\Database\BaseConnection->simpleQuery('SELECT *
FROM `siswa`
JOIN `eskul` ON `eskul`.`id_siswa` =`=` `siswa`.`id`')
 4 SYSTEMPATH\Database\BaseBuilder.php(1649): CodeIgniter\Database\BaseConnection->query('SELECT *
FROM `siswa`
JOIN `eskul` ON `eskul`.`id_siswa` =`=` `siswa`.`id`', [], false)
 5 APPPATH\Models\SiswaModel.php(14): CodeIgniter\Database\BaseBuilder->get()
 6 APPPATH\Controllers\UjiKom.php(23): App\Models\SiswaModel->getAllSiswa()
 7 SYSTEMPATH\CodeIgniter.php(933): App\Controllers\Ujikom->crud()
 8 SYSTEMPATH\CodeIgniter.php(507): CodeIgniter\CodeIgniter->runController(Object(App\Controllers\Ujikom))
 9 SYSTEMPATH\CodeIgniter.php(354): CodeIgniter\CodeIgniter->handleRequest(null, Object(Config\Cache), false)
10 SYSTEMPATH\Boot.php(334): CodeIgniter\CodeIgniter->run()
11 SYSTEMPATH\Boot.php(67): CodeIgniter\Boot::runCodeIgniter(Object(CodeIgniter\CodeIgniter))
12 FCPATH\index.php(56): CodeIgniter\Boot::bootWeb(Object(Config\Paths))
13 SYSTEMPATH\rewrite.php(44): require_once('C:\\xampp\\htdocs\\ujikom\\public\\index.php')
ERROR - 2025-02-12 06:02:54 --> mysqli_sql_exception: You have an error in your SQL syntax; check the manual that corresponds to your MariaDB server version for the right syntax to use near '`siswa`.`id`' at line 3 in C:\xampp\htdocs\ujikom\system\Database\MySQLi\Connection.php:327
Stack trace:
#0 C:\xampp\htdocs\ujikom\system\Database\MySQLi\Connection.php(327): mysqli->query('SELECT *\nFROM `...', 0)
#1 C:\xampp\htdocs\ujikom\system\Database\BaseConnection.php(738): CodeIgniter\Database\MySQLi\Connection->execute('SELECT *\nFROM `...')
#2 C:\xampp\htdocs\ujikom\system\Database\BaseConnection.php(652): CodeIgniter\Database\BaseConnection->simpleQuery('SELECT *\nFROM `...')
#3 C:\xampp\htdocs\ujikom\system\Database\BaseBuilder.php(1649): CodeIgniter\Database\BaseConnection->query('SELECT *\nFROM `...', Array, false)
#4 C:\xampp\htdocs\ujikom\app\Models\SiswaModel.php(14): CodeIgniter\Database\BaseBuilder->get()
#5 C:\xampp\htdocs\ujikom\app\Controllers\UjiKom.php(23): App\Models\SiswaModel->getAllSiswa()
#6 C:\xampp\htdocs\ujikom\system\CodeIgniter.php(933): App\Controllers\Ujikom->crud()
#7 C:\xampp\htdocs\ujikom\system\CodeIgniter.php(507): CodeIgniter\CodeIgniter->runController(Object(App\Controllers\Ujikom))
#8 C:\xampp\htdocs\ujikom\system\CodeIgniter.php(354): CodeIgniter\CodeIgniter->handleRequest(NULL, Object(Config\Cache), false)
#9 C:\xampp\htdocs\ujikom\system\Boot.php(334): CodeIgniter\CodeIgniter->run()
#10 C:\xampp\htdocs\ujikom\system\Boot.php(67): CodeIgniter\Boot::runCodeIgniter(Object(CodeIgniter\CodeIgniter))
#11 C:\xampp\htdocs\ujikom\public\index.php(56): CodeIgniter\Boot::bootWeb(Object(Config\Paths))
#12 C:\xampp\htdocs\ujikom\system\rewrite.php(44): require_once('C:\\xampp\\htdocs...')
#13 {main}
CRITICAL - 2025-02-12 06:02:54 --> CodeIgniter\Database\Exceptions\DatabaseException: You have an error in your SQL syntax; check the manual that corresponds to your MariaDB server version for the right syntax to use near '`siswa`.`id`' at line 3
[Method: GET, Route: crud]
in SYSTEMPATH\Database\BaseConnection.php on line 692.
 1 SYSTEMPATH\Database\BaseBuilder.php(1649): CodeIgniter\Database\BaseConnection->query('SELECT *
FROM `siswa`
JOIN `eskul` ON `eskul`.`id_siswa` =`=` `siswa`.`id`', [], false)
 2 APPPATH\Models\SiswaModel.php(14): CodeIgniter\Database\BaseBuilder->get()
 3 APPPATH\Controllers\UjiKom.php(23): App\Models\SiswaModel->getAllSiswa()
 4 SYSTEMPATH\CodeIgniter.php(933): App\Controllers\Ujikom->crud()
 5 SYSTEMPATH\CodeIgniter.php(507): CodeIgniter\CodeIgniter->runController(Object(App\Controllers\Ujikom))
 6 SYSTEMPATH\CodeIgniter.php(354): CodeIgniter\CodeIgniter->handleRequest(null, Object(Config\Cache), false)
 7 SYSTEMPATH\Boot.php(334): CodeIgniter\CodeIgniter->run()
 8 SYSTEMPATH\Boot.php(67): CodeIgniter\Boot::runCodeIgniter(Object(CodeIgniter\CodeIgniter))
 9 FCPATH\index.php(56): CodeIgniter\Boot::bootWeb(Object(Config\Paths))
10 SYSTEMPATH\rewrite.php(44): require_once('C:\\xampp\\htdocs\\ujikom\\public\\index.php')
CRITICAL - 2025-02-12 06:02:54 --> [Caused by] CodeIgniter\Database\Exceptions\DatabaseException: You have an error in your SQL syntax; check the manual that corresponds to your MariaDB server version for the right syntax to use near '`siswa`.`id`' at line 3
in SYSTEMPATH\Database\MySQLi\Connection.php on line 332.
 1 SYSTEMPATH\Database\BaseConnection.php(738): CodeIgniter\Database\MySQLi\Connection->execute('SELECT *
FROM `siswa`
JOIN `eskul` ON `eskul`.`id_siswa` =`=` `siswa`.`id`')
 2 SYSTEMPATH\Database\BaseConnection.php(652): CodeIgniter\Database\BaseConnection->simpleQuery('SELECT *
FROM `siswa`
JOIN `eskul` ON `eskul`.`id_siswa` =`=` `siswa`.`id`')
 3 SYSTEMPATH\Database\BaseBuilder.php(1649): CodeIgniter\Database\BaseConnection->query('SELECT *
FROM `siswa`
JOIN `eskul` ON `eskul`.`id_siswa` =`=` `siswa`.`id`', [], false)
 4 APPPATH\Models\SiswaModel.php(14): CodeIgniter\Database\BaseBuilder->get()
 5 APPPATH\Controllers\UjiKom.php(23): App\Models\SiswaModel->getAllSiswa()
 6 SYSTEMPATH\CodeIgniter.php(933): App\Controllers\Ujikom->crud()
 7 SYSTEMPATH\CodeIgniter.php(507): CodeIgniter\CodeIgniter->runController(Object(App\Controllers\Ujikom))
 8 SYSTEMPATH\CodeIgniter.php(354): CodeIgniter\CodeIgniter->handleRequest(null, Object(Config\Cache), false)
 9 SYSTEMPATH\Boot.php(334): CodeIgniter\CodeIgniter->run()
10 SYSTEMPATH\Boot.php(67): CodeIgniter\Boot::runCodeIgniter(Object(CodeIgniter\CodeIgniter))
11 FCPATH\index.php(56): CodeIgniter\Boot::bootWeb(Object(Config\Paths))
12 SYSTEMPATH\rewrite.php(44): require_once('C:\\xampp\\htdocs\\ujikom\\public\\index.php')
CRITICAL - 2025-02-12 06:02:54 --> [Caused by] mysqli_sql_exception: You have an error in your SQL syntax; check the manual that corresponds to your MariaDB server version for the right syntax to use near '`siswa`.`id`' at line 3
in SYSTEMPATH\Database\MySQLi\Connection.php on line 327.
 1 SYSTEMPATH\Database\MySQLi\Connection.php(327): mysqli->query('SELECT *
FROM `siswa`
JOIN `eskul` ON `eskul`.`id_siswa` =`=` `siswa`.`id`', 0)
 2 SYSTEMPATH\Database\BaseConnection.php(738): CodeIgniter\Database\MySQLi\Connection->execute('SELECT *
FROM `siswa`
JOIN `eskul` ON `eskul`.`id_siswa` =`=` `siswa`.`id`')
 3 SYSTEMPATH\Database\BaseConnection.php(652): CodeIgniter\Database\BaseConnection->simpleQuery('SELECT *
FROM `siswa`
JOIN `eskul` ON `eskul`.`id_siswa` =`=` `siswa`.`id`')
 4 SYSTEMPATH\Database\BaseBuilder.php(1649): CodeIgniter\Database\BaseConnection->query('SELECT *
FROM `siswa`
JOIN `eskul` ON `eskul`.`id_siswa` =`=` `siswa`.`id`', [], false)
 5 APPPATH\Models\SiswaModel.php(14): CodeIgniter\Database\BaseBuilder->get()
 6 APPPATH\Controllers\UjiKom.php(23): App\Models\SiswaModel->getAllSiswa()
 7 SYSTEMPATH\CodeIgniter.php(933): App\Controllers\Ujikom->crud()
 8 SYSTEMPATH\CodeIgniter.php(507): CodeIgniter\CodeIgniter->runController(Object(App\Controllers\Ujikom))
 9 SYSTEMPATH\CodeIgniter.php(354): CodeIgniter\CodeIgniter->handleRequest(null, Object(Config\Cache), false)
10 SYSTEMPATH\Boot.php(334): CodeIgniter\CodeIgniter->run()
11 SYSTEMPATH\Boot.php(67): CodeIgniter\Boot::runCodeIgniter(Object(CodeIgniter\CodeIgniter))
12 FCPATH\index.php(56): CodeIgniter\Boot::bootWeb(Object(Config\Paths))
13 SYSTEMPATH\rewrite.php(44): require_once('C:\\xampp\\htdocs\\ujikom\\public\\index.php')
ERROR - 2025-02-12 06:03:33 --> mysqli_sql_exception: You have an error in your SQL syntax; check the manual that corresponds to your MariaDB server version for the right syntax to use near '`siswa`.`id`' at line 3 in C:\xampp\htdocs\ujikom\system\Database\MySQLi\Connection.php:327
Stack trace:
#0 C:\xampp\htdocs\ujikom\system\Database\MySQLi\Connection.php(327): mysqli->query('SELECT *\nFROM `...', 0)
#1 C:\xampp\htdocs\ujikom\system\Database\BaseConnection.php(738): CodeIgniter\Database\MySQLi\Connection->execute('SELECT *\nFROM `...')
#2 C:\xampp\htdocs\ujikom\system\Database\BaseConnection.php(652): CodeIgniter\Database\BaseConnection->simpleQuery('SELECT *\nFROM `...')
#3 C:\xampp\htdocs\ujikom\system\Database\BaseBuilder.php(1649): CodeIgniter\Database\BaseConnection->query('SELECT *\nFROM `...', Array, false)
#4 C:\xampp\htdocs\ujikom\app\Models\SiswaModel.php(14): CodeIgniter\Database\BaseBuilder->get()
#5 C:\xampp\htdocs\ujikom\app\Controllers\UjiKom.php(23): App\Models\SiswaModel->getAllSiswa()
#6 C:\xampp\htdocs\ujikom\system\CodeIgniter.php(933): App\Controllers\Ujikom->crud()
#7 C:\xampp\htdocs\ujikom\system\CodeIgniter.php(507): CodeIgniter\CodeIgniter->runController(Object(App\Controllers\Ujikom))
#8 C:\xampp\htdocs\ujikom\system\CodeIgniter.php(354): CodeIgniter\CodeIgniter->handleRequest(NULL, Object(Config\Cache), false)
#9 C:\xampp\htdocs\ujikom\system\Boot.php(334): CodeIgniter\CodeIgniter->run()
#10 C:\xampp\htdocs\ujikom\system\Boot.php(67): CodeIgniter\Boot::runCodeIgniter(Object(CodeIgniter\CodeIgniter))
#11 C:\xampp\htdocs\ujikom\public\index.php(56): CodeIgniter\Boot::bootWeb(Object(Config\Paths))
#12 C:\xampp\htdocs\ujikom\system\rewrite.php(44): require_once('C:\\xampp\\htdocs...')
#13 {main}
CRITICAL - 2025-02-12 06:03:33 --> CodeIgniter\Database\Exceptions\DatabaseException: You have an error in your SQL syntax; check the manual that corresponds to your MariaDB server version for the right syntax to use near '`siswa`.`id`' at line 3
[Method: GET, Route: crud]
in SYSTEMPATH\Database\BaseConnection.php on line 692.
 1 SYSTEMPATH\Database\BaseBuilder.php(1649): CodeIgniter\Database\BaseConnection->query('SELECT *
FROM `siswa`
JOIN `eskul` ON `eskul`.`id_siswa` =`=` `siswa`.`id`', [], false)
 2 APPPATH\Models\SiswaModel.php(14): CodeIgniter\Database\BaseBuilder->get()
 3 APPPATH\Controllers\UjiKom.php(23): App\Models\SiswaModel->getAllSiswa()
 4 SYSTEMPATH\CodeIgniter.php(933): App\Controllers\Ujikom->crud()
 5 SYSTEMPATH\CodeIgniter.php(507): CodeIgniter\CodeIgniter->runController(Object(App\Controllers\Ujikom))
 6 SYSTEMPATH\CodeIgniter.php(354): CodeIgniter\CodeIgniter->handleRequest(null, Object(Config\Cache), false)
 7 SYSTEMPATH\Boot.php(334): CodeIgniter\CodeIgniter->run()
 8 SYSTEMPATH\Boot.php(67): CodeIgniter\Boot::runCodeIgniter(Object(CodeIgniter\CodeIgniter))
 9 FCPATH\index.php(56): CodeIgniter\Boot::bootWeb(Object(Config\Paths))
10 SYSTEMPATH\rewrite.php(44): require_once('C:\\xampp\\htdocs\\ujikom\\public\\index.php')
CRITICAL - 2025-02-12 06:03:33 --> [Caused by] CodeIgniter\Database\Exceptions\DatabaseException: You have an error in your SQL syntax; check the manual that corresponds to your MariaDB server version for the right syntax to use near '`siswa`.`id`' at line 3
in SYSTEMPATH\Database\MySQLi\Connection.php on line 332.
 1 SYSTEMPATH\Database\BaseConnection.php(738): CodeIgniter\Database\MySQLi\Connection->execute('SELECT *
FROM `siswa`
JOIN `eskul` ON `eskul`.`id_siswa` =`=` `siswa`.`id`')
 2 SYSTEMPATH\Database\BaseConnection.php(652): CodeIgniter\Database\BaseConnection->simpleQuery('SELECT *
FROM `siswa`
JOIN `eskul` ON `eskul`.`id_siswa` =`=` `siswa`.`id`')
 3 SYSTEMPATH\Database\BaseBuilder.php(1649): CodeIgniter\Database\BaseConnection->query('SELECT *
FROM `siswa`
JOIN `eskul` ON `eskul`.`id_siswa` =`=` `siswa`.`id`', [], false)
 4 APPPATH\Models\SiswaModel.php(14): CodeIgniter\Database\BaseBuilder->get()
 5 APPPATH\Controllers\UjiKom.php(23): App\Models\SiswaModel->getAllSiswa()
 6 SYSTEMPATH\CodeIgniter.php(933): App\Controllers\Ujikom->crud()
 7 SYSTEMPATH\CodeIgniter.php(507): CodeIgniter\CodeIgniter->runController(Object(App\Controllers\Ujikom))
 8 SYSTEMPATH\CodeIgniter.php(354): CodeIgniter\CodeIgniter->handleRequest(null, Object(Config\Cache), false)
 9 SYSTEMPATH\Boot.php(334): CodeIgniter\CodeIgniter->run()
10 SYSTEMPATH\Boot.php(67): CodeIgniter\Boot::runCodeIgniter(Object(CodeIgniter\CodeIgniter))
11 FCPATH\index.php(56): CodeIgniter\Boot::bootWeb(Object(Config\Paths))
12 SYSTEMPATH\rewrite.php(44): require_once('C:\\xampp\\htdocs\\ujikom\\public\\index.php')
CRITICAL - 2025-02-12 06:03:33 --> [Caused by] mysqli_sql_exception: You have an error in your SQL syntax; check the manual that corresponds to your MariaDB server version for the right syntax to use near '`siswa`.`id`' at line 3
in SYSTEMPATH\Database\MySQLi\Connection.php on line 327.
 1 SYSTEMPATH\Database\MySQLi\Connection.php(327): mysqli->query('SELECT *
FROM `siswa`
JOIN `eskul` ON `eskul`.`id_siswa` =`=` `siswa`.`id`', 0)
 2 SYSTEMPATH\Database\BaseConnection.php(738): CodeIgniter\Database\MySQLi\Connection->execute('SELECT *
FROM `siswa`
JOIN `eskul` ON `eskul`.`id_siswa` =`=` `siswa`.`id`')
 3 SYSTEMPATH\Database\BaseConnection.php(652): CodeIgniter\Database\BaseConnection->simpleQuery('SELECT *
FROM `siswa`
JOIN `eskul` ON `eskul`.`id_siswa` =`=` `siswa`.`id`')
 4 SYSTEMPATH\Database\BaseBuilder.php(1649): CodeIgniter\Database\BaseConnection->query('SELECT *
FROM `siswa`
JOIN `eskul` ON `eskul`.`id_siswa` =`=` `siswa`.`id`', [], false)
 5 APPPATH\Models\SiswaModel.php(14): CodeIgniter\Database\BaseBuilder->get()
 6 APPPATH\Controllers\UjiKom.php(23): App\Models\SiswaModel->getAllSiswa()
 7 SYSTEMPATH\CodeIgniter.php(933): App\Controllers\Ujikom->crud()
 8 SYSTEMPATH\CodeIgniter.php(507): CodeIgniter\CodeIgniter->runController(Object(App\Controllers\Ujikom))
 9 SYSTEMPATH\CodeIgniter.php(354): CodeIgniter\CodeIgniter->handleRequest(null, Object(Config\Cache), false)
10 SYSTEMPATH\Boot.php(334): CodeIgniter\CodeIgniter->run()
11 SYSTEMPATH\Boot.php(67): CodeIgniter\Boot::runCodeIgniter(Object(CodeIgniter\CodeIgniter))
12 FCPATH\index.php(56): CodeIgniter\Boot::bootWeb(Object(Config\Paths))
13 SYSTEMPATH\rewrite.php(44): require_once('C:\\xampp\\htdocs\\ujikom\\public\\index.php')
ERROR - 2025-02-12 06:04:26 --> mysqli_sql_exception: You have an error in your SQL syntax; check the manual that corresponds to your MariaDB server version for the right syntax to use near '`siswa`.`id`' at line 3 in C:\xampp\htdocs\ujikom\system\Database\MySQLi\Connection.php:327
Stack trace:
#0 C:\xampp\htdocs\ujikom\system\Database\MySQLi\Connection.php(327): mysqli->query('SELECT *\nFROM `...', 0)
#1 C:\xampp\htdocs\ujikom\system\Database\BaseConnection.php(738): CodeIgniter\Database\MySQLi\Connection->execute('SELECT *\nFROM `...')
#2 C:\xampp\htdocs\ujikom\system\Database\BaseConnection.php(652): CodeIgniter\Database\BaseConnection->simpleQuery('SELECT *\nFROM `...')
#3 C:\xampp\htdocs\ujikom\system\Database\BaseBuilder.php(1649): CodeIgniter\Database\BaseConnection->query('SELECT *\nFROM `...', Array, false)
#4 C:\xampp\htdocs\ujikom\app\Models\SiswaModel.php(14): CodeIgniter\Database\BaseBuilder->get()
#5 C:\xampp\htdocs\ujikom\app\Controllers\UjiKom.php(23): App\Models\SiswaModel->getAllSiswa()
#6 C:\xampp\htdocs\ujikom\system\CodeIgniter.php(933): App\Controllers\Ujikom->crud()
#7 C:\xampp\htdocs\ujikom\system\CodeIgniter.php(507): CodeIgniter\CodeIgniter->runController(Object(App\Controllers\Ujikom))
#8 C:\xampp\htdocs\ujikom\system\CodeIgniter.php(354): CodeIgniter\CodeIgniter->handleRequest(NULL, Object(Config\Cache), false)
#9 C:\xampp\htdocs\ujikom\system\Boot.php(334): CodeIgniter\CodeIgniter->run()
#10 C:\xampp\htdocs\ujikom\system\Boot.php(67): CodeIgniter\Boot::runCodeIgniter(Object(CodeIgniter\CodeIgniter))
#11 C:\xampp\htdocs\ujikom\public\index.php(56): CodeIgniter\Boot::bootWeb(Object(Config\Paths))
#12 C:\xampp\htdocs\ujikom\system\rewrite.php(44): require_once('C:\\xampp\\htdocs...')
#13 {main}
CRITICAL - 2025-02-12 06:04:26 --> CodeIgniter\Database\Exceptions\DatabaseException: You have an error in your SQL syntax; check the manual that corresponds to your MariaDB server version for the right syntax to use near '`siswa`.`id`' at line 3
[Method: GET, Route: crud]
in SYSTEMPATH\Database\BaseConnection.php on line 692.
 1 SYSTEMPATH\Database\BaseBuilder.php(1649): CodeIgniter\Database\BaseConnection->query('SELECT *
FROM `siswa`
JOIN `eskul` ON `eskul`.`id_siswa` =`=` `siswa`.`id`', [], false)
 2 APPPATH\Models\SiswaModel.php(14): CodeIgniter\Database\BaseBuilder->get()
 3 APPPATH\Controllers\UjiKom.php(23): App\Models\SiswaModel->getAllSiswa()
 4 SYSTEMPATH\CodeIgniter.php(933): App\Controllers\Ujikom->crud()
 5 SYSTEMPATH\CodeIgniter.php(507): CodeIgniter\CodeIgniter->runController(Object(App\Controllers\Ujikom))
 6 SYSTEMPATH\CodeIgniter.php(354): CodeIgniter\CodeIgniter->handleRequest(null, Object(Config\Cache), false)
 7 SYSTEMPATH\Boot.php(334): CodeIgniter\CodeIgniter->run()
 8 SYSTEMPATH\Boot.php(67): CodeIgniter\Boot::runCodeIgniter(Object(CodeIgniter\CodeIgniter))
 9 FCPATH\index.php(56): CodeIgniter\Boot::bootWeb(Object(Config\Paths))
10 SYSTEMPATH\rewrite.php(44): require_once('C:\\xampp\\htdocs\\ujikom\\public\\index.php')
CRITICAL - 2025-02-12 06:04:26 --> [Caused by] CodeIgniter\Database\Exceptions\DatabaseException: You have an error in your SQL syntax; check the manual that corresponds to your MariaDB server version for the right syntax to use near '`siswa`.`id`' at line 3
in SYSTEMPATH\Database\MySQLi\Connection.php on line 332.
 1 SYSTEMPATH\Database\BaseConnection.php(738): CodeIgniter\Database\MySQLi\Connection->execute('SELECT *
FROM `siswa`
JOIN `eskul` ON `eskul`.`id_siswa` =`=` `siswa`.`id`')
 2 SYSTEMPATH\Database\BaseConnection.php(652): CodeIgniter\Database\BaseConnection->simpleQuery('SELECT *
FROM `siswa`
JOIN `eskul` ON `eskul`.`id_siswa` =`=` `siswa`.`id`')
 3 SYSTEMPATH\Database\BaseBuilder.php(1649): CodeIgniter\Database\BaseConnection->query('SELECT *
FROM `siswa`
JOIN `eskul` ON `eskul`.`id_siswa` =`=` `siswa`.`id`', [], false)
 4 APPPATH\Models\SiswaModel.php(14): CodeIgniter\Database\BaseBuilder->get()
 5 APPPATH\Controllers\UjiKom.php(23): App\Models\SiswaModel->getAllSiswa()
 6 SYSTEMPATH\CodeIgniter.php(933): App\Controllers\Ujikom->crud()
 7 SYSTEMPATH\CodeIgniter.php(507): CodeIgniter\CodeIgniter->runController(Object(App\Controllers\Ujikom))
 8 SYSTEMPATH\CodeIgniter.php(354): CodeIgniter\CodeIgniter->handleRequest(null, Object(Config\Cache), false)
 9 SYSTEMPATH\Boot.php(334): CodeIgniter\CodeIgniter->run()
10 SYSTEMPATH\Boot.php(67): CodeIgniter\Boot::runCodeIgniter(Object(CodeIgniter\CodeIgniter))
11 FCPATH\index.php(56): CodeIgniter\Boot::bootWeb(Object(Config\Paths))
12 SYSTEMPATH\rewrite.php(44): require_once('C:\\xampp\\htdocs\\ujikom\\public\\index.php')
CRITICAL - 2025-02-12 06:04:26 --> [Caused by] mysqli_sql_exception: You have an error in your SQL syntax; check the manual that corresponds to your MariaDB server version for the right syntax to use near '`siswa`.`id`' at line 3
in SYSTEMPATH\Database\MySQLi\Connection.php on line 327.
 1 SYSTEMPATH\Database\MySQLi\Connection.php(327): mysqli->query('SELECT *
FROM `siswa`
JOIN `eskul` ON `eskul`.`id_siswa` =`=` `siswa`.`id`', 0)
 2 SYSTEMPATH\Database\BaseConnection.php(738): CodeIgniter\Database\MySQLi\Connection->execute('SELECT *
FROM `siswa`
JOIN `eskul` ON `eskul`.`id_siswa` =`=` `siswa`.`id`')
 3 SYSTEMPATH\Database\BaseConnection.php(652): CodeIgniter\Database\BaseConnection->simpleQuery('SELECT *
FROM `siswa`
JOIN `eskul` ON `eskul`.`id_siswa` =`=` `siswa`.`id`')
 4 SYSTEMPATH\Database\BaseBuilder.php(1649): CodeIgniter\Database\BaseConnection->query('SELECT *
FROM `siswa`
JOIN `eskul` ON `eskul`.`id_siswa` =`=` `siswa`.`id`', [], false)
 5 APPPATH\Models\SiswaModel.php(14): CodeIgniter\Database\BaseBuilder->get()
 6 APPPATH\Controllers\UjiKom.php(23): App\Models\SiswaModel->getAllSiswa()
 7 SYSTEMPATH\CodeIgniter.php(933): App\Controllers\Ujikom->crud()
 8 SYSTEMPATH\CodeIgniter.php(507): CodeIgniter\CodeIgniter->runController(Object(App\Controllers\Ujikom))
 9 SYSTEMPATH\CodeIgniter.php(354): CodeIgniter\CodeIgniter->handleRequest(null, Object(Config\Cache), false)
10 SYSTEMPATH\Boot.php(334): CodeIgniter\CodeIgniter->run()
11 SYSTEMPATH\Boot.php(67): CodeIgniter\Boot::runCodeIgniter(Object(CodeIgniter\CodeIgniter))
12 FCPATH\index.php(56): CodeIgniter\Boot::bootWeb(Object(Config\Paths))
13 SYSTEMPATH\rewrite.php(44): require_once('C:\\xampp\\htdocs\\ujikom\\public\\index.php')
ERROR - 2025-02-12 06:04:27 --> mysqli_sql_exception: You have an error in your SQL syntax; check the manual that corresponds to your MariaDB server version for the right syntax to use near '`siswa`.`id`' at line 3 in C:\xampp\htdocs\ujikom\system\Database\MySQLi\Connection.php:327
Stack trace:
#0 C:\xampp\htdocs\ujikom\system\Database\MySQLi\Connection.php(327): mysqli->query('SELECT *\nFROM `...', 0)
#1 C:\xampp\htdocs\ujikom\system\Database\BaseConnection.php(738): CodeIgniter\Database\MySQLi\Connection->execute('SELECT *\nFROM `...')
#2 C:\xampp\htdocs\ujikom\system\Database\BaseConnection.php(652): CodeIgniter\Database\BaseConnection->simpleQuery('SELECT *\nFROM `...')
#3 C:\xampp\htdocs\ujikom\system\Database\BaseBuilder.php(1649): CodeIgniter\Database\BaseConnection->query('SELECT *\nFROM `...', Array, false)
#4 C:\xampp\htdocs\ujikom\app\Models\SiswaModel.php(14): CodeIgniter\Database\BaseBuilder->get()
#5 C:\xampp\htdocs\ujikom\app\Controllers\UjiKom.php(23): App\Models\SiswaModel->getAllSiswa()
#6 C:\xampp\htdocs\ujikom\system\CodeIgniter.php(933): App\Controllers\Ujikom->crud()
#7 C:\xampp\htdocs\ujikom\system\CodeIgniter.php(507): CodeIgniter\CodeIgniter->runController(Object(App\Controllers\Ujikom))
#8 C:\xampp\htdocs\ujikom\system\CodeIgniter.php(354): CodeIgniter\CodeIgniter->handleRequest(NULL, Object(Config\Cache), false)
#9 C:\xampp\htdocs\ujikom\system\Boot.php(334): CodeIgniter\CodeIgniter->run()
#10 C:\xampp\htdocs\ujikom\system\Boot.php(67): CodeIgniter\Boot::runCodeIgniter(Object(CodeIgniter\CodeIgniter))
#11 C:\xampp\htdocs\ujikom\public\index.php(56): CodeIgniter\Boot::bootWeb(Object(Config\Paths))
#12 C:\xampp\htdocs\ujikom\system\rewrite.php(44): require_once('C:\\xampp\\htdocs...')
#13 {main}
CRITICAL - 2025-02-12 06:04:27 --> CodeIgniter\Database\Exceptions\DatabaseException: You have an error in your SQL syntax; check the manual that corresponds to your MariaDB server version for the right syntax to use near '`siswa`.`id`' at line 3
[Method: GET, Route: crud]
in SYSTEMPATH\Database\BaseConnection.php on line 692.
 1 SYSTEMPATH\Database\BaseBuilder.php(1649): CodeIgniter\Database\BaseConnection->query('SELECT *
FROM `siswa`
JOIN `eskul` ON `eskul`.`id_siswa` =`=` `siswa`.`id`', [], false)
 2 APPPATH\Models\SiswaModel.php(14): CodeIgniter\Database\BaseBuilder->get()
 3 APPPATH\Controllers\UjiKom.php(23): App\Models\SiswaModel->getAllSiswa()
 4 SYSTEMPATH\CodeIgniter.php(933): App\Controllers\Ujikom->crud()
 5 SYSTEMPATH\CodeIgniter.php(507): CodeIgniter\CodeIgniter->runController(Object(App\Controllers\Ujikom))
 6 SYSTEMPATH\CodeIgniter.php(354): CodeIgniter\CodeIgniter->handleRequest(null, Object(Config\Cache), false)
 7 SYSTEMPATH\Boot.php(334): CodeIgniter\CodeIgniter->run()
 8 SYSTEMPATH\Boot.php(67): CodeIgniter\Boot::runCodeIgniter(Object(CodeIgniter\CodeIgniter))
 9 FCPATH\index.php(56): CodeIgniter\Boot::bootWeb(Object(Config\Paths))
10 SYSTEMPATH\rewrite.php(44): require_once('C:\\xampp\\htdocs\\ujikom\\public\\index.php')
CRITICAL - 2025-02-12 06:04:27 --> [Caused by] CodeIgniter\Database\Exceptions\DatabaseException: You have an error in your SQL syntax; check the manual that corresponds to your MariaDB server version for the right syntax to use near '`siswa`.`id`' at line 3
in SYSTEMPATH\Database\MySQLi\Connection.php on line 332.
 1 SYSTEMPATH\Database\BaseConnection.php(738): CodeIgniter\Database\MySQLi\Connection->execute('SELECT *
FROM `siswa`
JOIN `eskul` ON `eskul`.`id_siswa` =`=` `siswa`.`id`')
 2 SYSTEMPATH\Database\BaseConnection.php(652): CodeIgniter\Database\BaseConnection->simpleQuery('SELECT *
FROM `siswa`
JOIN `eskul` ON `eskul`.`id_siswa` =`=` `siswa`.`id`')
 3 SYSTEMPATH\Database\BaseBuilder.php(1649): CodeIgniter\Database\BaseConnection->query('SELECT *
FROM `siswa`
JOIN `eskul` ON `eskul`.`id_siswa` =`=` `siswa`.`id`', [], false)
 4 APPPATH\Models\SiswaModel.php(14): CodeIgniter\Database\BaseBuilder->get()
 5 APPPATH\Controllers\UjiKom.php(23): App\Models\SiswaModel->getAllSiswa()
 6 SYSTEMPATH\CodeIgniter.php(933): App\Controllers\Ujikom->crud()
 7 SYSTEMPATH\CodeIgniter.php(507): CodeIgniter\CodeIgniter->runController(Object(App\Controllers\Ujikom))
 8 SYSTEMPATH\CodeIgniter.php(354): CodeIgniter\CodeIgniter->handleRequest(null, Object(Config\Cache), false)
 9 SYSTEMPATH\Boot.php(334): CodeIgniter\CodeIgniter->run()
10 SYSTEMPATH\Boot.php(67): CodeIgniter\Boot::runCodeIgniter(Object(CodeIgniter\CodeIgniter))
11 FCPATH\index.php(56): CodeIgniter\Boot::bootWeb(Object(Config\Paths))
12 SYSTEMPATH\rewrite.php(44): require_once('C:\\xampp\\htdocs\\ujikom\\public\\index.php')
CRITICAL - 2025-02-12 06:04:27 --> [Caused by] mysqli_sql_exception: You have an error in your SQL syntax; check the manual that corresponds to your MariaDB server version for the right syntax to use near '`siswa`.`id`' at line 3
in SYSTEMPATH\Database\MySQLi\Connection.php on line 327.
 1 SYSTEMPATH\Database\MySQLi\Connection.php(327): mysqli->query('SELECT *
FROM `siswa`
JOIN `eskul` ON `eskul`.`id_siswa` =`=` `siswa`.`id`', 0)
 2 SYSTEMPATH\Database\BaseConnection.php(738): CodeIgniter\Database\MySQLi\Connection->execute('SELECT *
FROM `siswa`
JOIN `eskul` ON `eskul`.`id_siswa` =`=` `siswa`.`id`')
 3 SYSTEMPATH\Database\BaseConnection.php(652): CodeIgniter\Database\BaseConnection->simpleQuery('SELECT *
FROM `siswa`
JOIN `eskul` ON `eskul`.`id_siswa` =`=` `siswa`.`id`')
 4 SYSTEMPATH\Database\BaseBuilder.php(1649): CodeIgniter\Database\BaseConnection->query('SELECT *
FROM `siswa`
JOIN `eskul` ON `eskul`.`id_siswa` =`=` `siswa`.`id`', [], false)
 5 APPPATH\Models\SiswaModel.php(14): CodeIgniter\Database\BaseBuilder->get()
 6 APPPATH\Controllers\UjiKom.php(23): App\Models\SiswaModel->getAllSiswa()
 7 SYSTEMPATH\CodeIgniter.php(933): App\Controllers\Ujikom->crud()
 8 SYSTEMPATH\CodeIgniter.php(507): CodeIgniter\CodeIgniter->runController(Object(App\Controllers\Ujikom))
 9 SYSTEMPATH\CodeIgniter.php(354): CodeIgniter\CodeIgniter->handleRequest(null, Object(Config\Cache), false)
10 SYSTEMPATH\Boot.php(334): CodeIgniter\CodeIgniter->run()
11 SYSTEMPATH\Boot.php(67): CodeIgniter\Boot::runCodeIgniter(Object(CodeIgniter\CodeIgniter))
12 FCPATH\index.php(56): CodeIgniter\Boot::bootWeb(Object(Config\Paths))
13 SYSTEMPATH\rewrite.php(44): require_once('C:\\xampp\\htdocs\\ujikom\\public\\index.php')
ERROR - 2025-02-12 06:04:27 --> mysqli_sql_exception: You have an error in your SQL syntax; check the manual that corresponds to your MariaDB server version for the right syntax to use near '`siswa`.`id`' at line 3 in C:\xampp\htdocs\ujikom\system\Database\MySQLi\Connection.php:327
Stack trace:
#0 C:\xampp\htdocs\ujikom\system\Database\MySQLi\Connection.php(327): mysqli->query('SELECT *\nFROM `...', 0)
#1 C:\xampp\htdocs\ujikom\system\Database\BaseConnection.php(738): CodeIgniter\Database\MySQLi\Connection->execute('SELECT *\nFROM `...')
#2 C:\xampp\htdocs\ujikom\system\Database\BaseConnection.php(652): CodeIgniter\Database\BaseConnection->simpleQuery('SELECT *\nFROM `...')
#3 C:\xampp\htdocs\ujikom\system\Database\BaseBuilder.php(1649): CodeIgniter\Database\BaseConnection->query('SELECT *\nFROM `...', Array, false)
#4 C:\xampp\htdocs\ujikom\app\Models\SiswaModel.php(14): CodeIgniter\Database\BaseBuilder->get()
#5 C:\xampp\htdocs\ujikom\app\Controllers\UjiKom.php(23): App\Models\SiswaModel->getAllSiswa()
#6 C:\xampp\htdocs\ujikom\system\CodeIgniter.php(933): App\Controllers\Ujikom->crud()
#7 C:\xampp\htdocs\ujikom\system\CodeIgniter.php(507): CodeIgniter\CodeIgniter->runController(Object(App\Controllers\Ujikom))
#8 C:\xampp\htdocs\ujikom\system\CodeIgniter.php(354): CodeIgniter\CodeIgniter->handleRequest(NULL, Object(Config\Cache), false)
#9 C:\xampp\htdocs\ujikom\system\Boot.php(334): CodeIgniter\CodeIgniter->run()
#10 C:\xampp\htdocs\ujikom\system\Boot.php(67): CodeIgniter\Boot::runCodeIgniter(Object(CodeIgniter\CodeIgniter))
#11 C:\xampp\htdocs\ujikom\public\index.php(56): CodeIgniter\Boot::bootWeb(Object(Config\Paths))
#12 C:\xampp\htdocs\ujikom\system\rewrite.php(44): require_once('C:\\xampp\\htdocs...')
#13 {main}
CRITICAL - 2025-02-12 06:04:27 --> CodeIgniter\Database\Exceptions\DatabaseException: You have an error in your SQL syntax; check the manual that corresponds to your MariaDB server version for the right syntax to use near '`siswa`.`id`' at line 3
[Method: GET, Route: crud]
in SYSTEMPATH\Database\BaseConnection.php on line 692.
 1 SYSTEMPATH\Database\BaseBuilder.php(1649): CodeIgniter\Database\BaseConnection->query('SELECT *
FROM `siswa`
JOIN `eskul` ON `eskul`.`id_siswa` =`=` `siswa`.`id`', [], false)
 2 APPPATH\Models\SiswaModel.php(14): CodeIgniter\Database\BaseBuilder->get()
 3 APPPATH\Controllers\UjiKom.php(23): App\Models\SiswaModel->getAllSiswa()
 4 SYSTEMPATH\CodeIgniter.php(933): App\Controllers\Ujikom->crud()
 5 SYSTEMPATH\CodeIgniter.php(507): CodeIgniter\CodeIgniter->runController(Object(App\Controllers\Ujikom))
 6 SYSTEMPATH\CodeIgniter.php(354): CodeIgniter\CodeIgniter->handleRequest(null, Object(Config\Cache), false)
 7 SYSTEMPATH\Boot.php(334): CodeIgniter\CodeIgniter->run()
 8 SYSTEMPATH\Boot.php(67): CodeIgniter\Boot::runCodeIgniter(Object(CodeIgniter\CodeIgniter))
 9 FCPATH\index.php(56): CodeIgniter\Boot::bootWeb(Object(Config\Paths))
10 SYSTEMPATH\rewrite.php(44): require_once('C:\\xampp\\htdocs\\ujikom\\public\\index.php')
CRITICAL - 2025-02-12 06:04:27 --> [Caused by] CodeIgniter\Database\Exceptions\DatabaseException: You have an error in your SQL syntax; check the manual that corresponds to your MariaDB server version for the right syntax to use near '`siswa`.`id`' at line 3
in SYSTEMPATH\Database\MySQLi\Connection.php on line 332.
 1 SYSTEMPATH\Database\BaseConnection.php(738): CodeIgniter\Database\MySQLi\Connection->execute('SELECT *
FROM `siswa`
JOIN `eskul` ON `eskul`.`id_siswa` =`=` `siswa`.`id`')
 2 SYSTEMPATH\Database\BaseConnection.php(652): CodeIgniter\Database\BaseConnection->simpleQuery('SELECT *
FROM `siswa`
JOIN `eskul` ON `eskul`.`id_siswa` =`=` `siswa`.`id`')
 3 SYSTEMPATH\Database\BaseBuilder.php(1649): CodeIgniter\Database\BaseConnection->query('SELECT *
FROM `siswa`
JOIN `eskul` ON `eskul`.`id_siswa` =`=` `siswa`.`id`', [], false)
 4 APPPATH\Models\SiswaModel.php(14): CodeIgniter\Database\BaseBuilder->get()
 5 APPPATH\Controllers\UjiKom.php(23): App\Models\SiswaModel->getAllSiswa()
 6 SYSTEMPATH\CodeIgniter.php(933): App\Controllers\Ujikom->crud()
 7 SYSTEMPATH\CodeIgniter.php(507): CodeIgniter\CodeIgniter->runController(Object(App\Controllers\Ujikom))
 8 SYSTEMPATH\CodeIgniter.php(354): CodeIgniter\CodeIgniter->handleRequest(null, Object(Config\Cache), false)
 9 SYSTEMPATH\Boot.php(334): CodeIgniter\CodeIgniter->run()
10 SYSTEMPATH\Boot.php(67): CodeIgniter\Boot::runCodeIgniter(Object(CodeIgniter\CodeIgniter))
11 FCPATH\index.php(56): CodeIgniter\Boot::bootWeb(Object(Config\Paths))
12 SYSTEMPATH\rewrite.php(44): require_once('C:\\xampp\\htdocs\\ujikom\\public\\index.php')
CRITICAL - 2025-02-12 06:04:27 --> [Caused by] mysqli_sql_exception: You have an error in your SQL syntax; check the manual that corresponds to your MariaDB server version for the right syntax to use near '`siswa`.`id`' at line 3
in SYSTEMPATH\Database\MySQLi\Connection.php on line 327.
 1 SYSTEMPATH\Database\MySQLi\Connection.php(327): mysqli->query('SELECT *
FROM `siswa`
JOIN `eskul` ON `eskul`.`id_siswa` =`=` `siswa`.`id`', 0)
 2 SYSTEMPATH\Database\BaseConnection.php(738): CodeIgniter\Database\MySQLi\Connection->execute('SELECT *
FROM `siswa`
JOIN `eskul` ON `eskul`.`id_siswa` =`=` `siswa`.`id`')
 3 SYSTEMPATH\Database\BaseConnection.php(652): CodeIgniter\Database\BaseConnection->simpleQuery('SELECT *
FROM `siswa`
JOIN `eskul` ON `eskul`.`id_siswa` =`=` `siswa`.`id`')
 4 SYSTEMPATH\Database\BaseBuilder.php(1649): CodeIgniter\Database\BaseConnection->query('SELECT *
FROM `siswa`
JOIN `eskul` ON `eskul`.`id_siswa` =`=` `siswa`.`id`', [], false)
 5 APPPATH\Models\SiswaModel.php(14): CodeIgniter\Database\BaseBuilder->get()
 6 APPPATH\Controllers\UjiKom.php(23): App\Models\SiswaModel->getAllSiswa()
 7 SYSTEMPATH\CodeIgniter.php(933): App\Controllers\Ujikom->crud()
 8 SYSTEMPATH\CodeIgniter.php(507): CodeIgniter\CodeIgniter->runController(Object(App\Controllers\Ujikom))
 9 SYSTEMPATH\CodeIgniter.php(354): CodeIgniter\CodeIgniter->handleRequest(null, Object(Config\Cache), false)
10 SYSTEMPATH\Boot.php(334): CodeIgniter\CodeIgniter->run()
11 SYSTEMPATH\Boot.php(67): CodeIgniter\Boot::runCodeIgniter(Object(CodeIgniter\CodeIgniter))
12 FCPATH\index.php(56): CodeIgniter\Boot::bootWeb(Object(Config\Paths))
13 SYSTEMPATH\rewrite.php(44): require_once('C:\\xampp\\htdocs\\ujikom\\public\\index.php')
ERROR - 2025-02-12 06:04:27 --> mysqli_sql_exception: You have an error in your SQL syntax; check the manual that corresponds to your MariaDB server version for the right syntax to use near '`siswa`.`id`' at line 3 in C:\xampp\htdocs\ujikom\system\Database\MySQLi\Connection.php:327
Stack trace:
#0 C:\xampp\htdocs\ujikom\system\Database\MySQLi\Connection.php(327): mysqli->query('SELECT *\nFROM `...', 0)
#1 C:\xampp\htdocs\ujikom\system\Database\BaseConnection.php(738): CodeIgniter\Database\MySQLi\Connection->execute('SELECT *\nFROM `...')
#2 C:\xampp\htdocs\ujikom\system\Database\BaseConnection.php(652): CodeIgniter\Database\BaseConnection->simpleQuery('SELECT *\nFROM `...')
#3 C:\xampp\htdocs\ujikom\system\Database\BaseBuilder.php(1649): CodeIgniter\Database\BaseConnection->query('SELECT *\nFROM `...', Array, false)
#4 C:\xampp\htdocs\ujikom\app\Models\SiswaModel.php(14): CodeIgniter\Database\BaseBuilder->get()
#5 C:\xampp\htdocs\ujikom\app\Controllers\UjiKom.php(23): App\Models\SiswaModel->getAllSiswa()
#6 C:\xampp\htdocs\ujikom\system\CodeIgniter.php(933): App\Controllers\Ujikom->crud()
#7 C:\xampp\htdocs\ujikom\system\CodeIgniter.php(507): CodeIgniter\CodeIgniter->runController(Object(App\Controllers\Ujikom))
#8 C:\xampp\htdocs\ujikom\system\CodeIgniter.php(354): CodeIgniter\CodeIgniter->handleRequest(NULL, Object(Config\Cache), false)
#9 C:\xampp\htdocs\ujikom\system\Boot.php(334): CodeIgniter\CodeIgniter->run()
#10 C:\xampp\htdocs\ujikom\system\Boot.php(67): CodeIgniter\Boot::runCodeIgniter(Object(CodeIgniter\CodeIgniter))
#11 C:\xampp\htdocs\ujikom\public\index.php(56): CodeIgniter\Boot::bootWeb(Object(Config\Paths))
#12 C:\xampp\htdocs\ujikom\system\rewrite.php(44): require_once('C:\\xampp\\htdocs...')
#13 {main}
CRITICAL - 2025-02-12 06:04:27 --> CodeIgniter\Database\Exceptions\DatabaseException: You have an error in your SQL syntax; check the manual that corresponds to your MariaDB server version for the right syntax to use near '`siswa`.`id`' at line 3
[Method: GET, Route: crud]
in SYSTEMPATH\Database\BaseConnection.php on line 692.
 1 SYSTEMPATH\Database\BaseBuilder.php(1649): CodeIgniter\Database\BaseConnection->query('SELECT *
FROM `siswa`
JOIN `eskul` ON `eskul`.`id_siswa` =`=` `siswa`.`id`', [], false)
 2 APPPATH\Models\SiswaModel.php(14): CodeIgniter\Database\BaseBuilder->get()
 3 APPPATH\Controllers\UjiKom.php(23): App\Models\SiswaModel->getAllSiswa()
 4 SYSTEMPATH\CodeIgniter.php(933): App\Controllers\Ujikom->crud()
 5 SYSTEMPATH\CodeIgniter.php(507): CodeIgniter\CodeIgniter->runController(Object(App\Controllers\Ujikom))
 6 SYSTEMPATH\CodeIgniter.php(354): CodeIgniter\CodeIgniter->handleRequest(null, Object(Config\Cache), false)
 7 SYSTEMPATH\Boot.php(334): CodeIgniter\CodeIgniter->run()
 8 SYSTEMPATH\Boot.php(67): CodeIgniter\Boot::runCodeIgniter(Object(CodeIgniter\CodeIgniter))
 9 FCPATH\index.php(56): CodeIgniter\Boot::bootWeb(Object(Config\Paths))
10 SYSTEMPATH\rewrite.php(44): require_once('C:\\xampp\\htdocs\\ujikom\\public\\index.php')
CRITICAL - 2025-02-12 06:04:27 --> [Caused by] CodeIgniter\Database\Exceptions\DatabaseException: You have an error in your SQL syntax; check the manual that corresponds to your MariaDB server version for the right syntax to use near '`siswa`.`id`' at line 3
in SYSTEMPATH\Database\MySQLi\Connection.php on line 332.
 1 SYSTEMPATH\Database\BaseConnection.php(738): CodeIgniter\Database\MySQLi\Connection->execute('SELECT *
FROM `siswa`
JOIN `eskul` ON `eskul`.`id_siswa` =`=` `siswa`.`id`')
 2 SYSTEMPATH\Database\BaseConnection.php(652): CodeIgniter\Database\BaseConnection->simpleQuery('SELECT *
FROM `siswa`
JOIN `eskul` ON `eskul`.`id_siswa` =`=` `siswa`.`id`')
 3 SYSTEMPATH\Database\BaseBuilder.php(1649): CodeIgniter\Database\BaseConnection->query('SELECT *
FROM `siswa`
JOIN `eskul` ON `eskul`.`id_siswa` =`=` `siswa`.`id`', [], false)
 4 APPPATH\Models\SiswaModel.php(14): CodeIgniter\Database\BaseBuilder->get()
 5 APPPATH\Controllers\UjiKom.php(23): App\Models\SiswaModel->getAllSiswa()
 6 SYSTEMPATH\CodeIgniter.php(933): App\Controllers\Ujikom->crud()
 7 SYSTEMPATH\CodeIgniter.php(507): CodeIgniter\CodeIgniter->runController(Object(App\Controllers\Ujikom))
 8 SYSTEMPATH\CodeIgniter.php(354): CodeIgniter\CodeIgniter->handleRequest(null, Object(Config\Cache), false)
 9 SYSTEMPATH\Boot.php(334): CodeIgniter\CodeIgniter->run()
10 SYSTEMPATH\Boot.php(67): CodeIgniter\Boot::runCodeIgniter(Object(CodeIgniter\CodeIgniter))
11 FCPATH\index.php(56): CodeIgniter\Boot::bootWeb(Object(Config\Paths))
12 SYSTEMPATH\rewrite.php(44): require_once('C:\\xampp\\htdocs\\ujikom\\public\\index.php')
CRITICAL - 2025-02-12 06:04:27 --> [Caused by] mysqli_sql_exception: You have an error in your SQL syntax; check the manual that corresponds to your MariaDB server version for the right syntax to use near '`siswa`.`id`' at line 3
in SYSTEMPATH\Database\MySQLi\Connection.php on line 327.
 1 SYSTEMPATH\Database\MySQLi\Connection.php(327): mysqli->query('SELECT *
FROM `siswa`
JOIN `eskul` ON `eskul`.`id_siswa` =`=` `siswa`.`id`', 0)
 2 SYSTEMPATH\Database\BaseConnection.php(738): CodeIgniter\Database\MySQLi\Connection->execute('SELECT *
FROM `siswa`
JOIN `eskul` ON `eskul`.`id_siswa` =`=` `siswa`.`id`')
 3 SYSTEMPATH\Database\BaseConnection.php(652): CodeIgniter\Database\BaseConnection->simpleQuery('SELECT *
FROM `siswa`
JOIN `eskul` ON `eskul`.`id_siswa` =`=` `siswa`.`id`')
 4 SYSTEMPATH\Database\BaseBuilder.php(1649): CodeIgniter\Database\BaseConnection->query('SELECT *
FROM `siswa`
JOIN `eskul` ON `eskul`.`id_siswa` =`=` `siswa`.`id`', [], false)
 5 APPPATH\Models\SiswaModel.php(14): CodeIgniter\Database\BaseBuilder->get()
 6 APPPATH\Controllers\UjiKom.php(23): App\Models\SiswaModel->getAllSiswa()
 7 SYSTEMPATH\CodeIgniter.php(933): App\Controllers\Ujikom->crud()
 8 SYSTEMPATH\CodeIgniter.php(507): CodeIgniter\CodeIgniter->runController(Object(App\Controllers\Ujikom))
 9 SYSTEMPATH\CodeIgniter.php(354): CodeIgniter\CodeIgniter->handleRequest(null, Object(Config\Cache), false)
10 SYSTEMPATH\Boot.php(334): CodeIgniter\CodeIgniter->run()
11 SYSTEMPATH\Boot.php(67): CodeIgniter\Boot::runCodeIgniter(Object(CodeIgniter\CodeIgniter))
12 FCPATH\index.php(56): CodeIgniter\Boot::bootWeb(Object(Config\Paths))
13 SYSTEMPATH\rewrite.php(44): require_once('C:\\xampp\\htdocs\\ujikom\\public\\index.php')
ERROR - 2025-02-12 06:04:28 --> mysqli_sql_exception: You have an error in your SQL syntax; check the manual that corresponds to your MariaDB server version for the right syntax to use near '`siswa`.`id`' at line 3 in C:\xampp\htdocs\ujikom\system\Database\MySQLi\Connection.php:327
Stack trace:
#0 C:\xampp\htdocs\ujikom\system\Database\MySQLi\Connection.php(327): mysqli->query('SELECT *\nFROM `...', 0)
#1 C:\xampp\htdocs\ujikom\system\Database\BaseConnection.php(738): CodeIgniter\Database\MySQLi\Connection->execute('SELECT *\nFROM `...')
#2 C:\xampp\htdocs\ujikom\system\Database\BaseConnection.php(652): CodeIgniter\Database\BaseConnection->simpleQuery('SELECT *\nFROM `...')
#3 C:\xampp\htdocs\ujikom\system\Database\BaseBuilder.php(1649): CodeIgniter\Database\BaseConnection->query('SELECT *\nFROM `...', Array, false)
#4 C:\xampp\htdocs\ujikom\app\Models\SiswaModel.php(14): CodeIgniter\Database\BaseBuilder->get()
#5 C:\xampp\htdocs\ujikom\app\Controllers\UjiKom.php(23): App\Models\SiswaModel->getAllSiswa()
#6 C:\xampp\htdocs\ujikom\system\CodeIgniter.php(933): App\Controllers\Ujikom->crud()
#7 C:\xampp\htdocs\ujikom\system\CodeIgniter.php(507): CodeIgniter\CodeIgniter->runController(Object(App\Controllers\Ujikom))
#8 C:\xampp\htdocs\ujikom\system\CodeIgniter.php(354): CodeIgniter\CodeIgniter->handleRequest(NULL, Object(Config\Cache), false)
#9 C:\xampp\htdocs\ujikom\system\Boot.php(334): CodeIgniter\CodeIgniter->run()
#10 C:\xampp\htdocs\ujikom\system\Boot.php(67): CodeIgniter\Boot::runCodeIgniter(Object(CodeIgniter\CodeIgniter))
#11 C:\xampp\htdocs\ujikom\public\index.php(56): CodeIgniter\Boot::bootWeb(Object(Config\Paths))
#12 C:\xampp\htdocs\ujikom\system\rewrite.php(44): require_once('C:\\xampp\\htdocs...')
#13 {main}
CRITICAL - 2025-02-12 06:04:28 --> CodeIgniter\Database\Exceptions\DatabaseException: You have an error in your SQL syntax; check the manual that corresponds to your MariaDB server version for the right syntax to use near '`siswa`.`id`' at line 3
[Method: GET, Route: crud]
in SYSTEMPATH\Database\BaseConnection.php on line 692.
 1 SYSTEMPATH\Database\BaseBuilder.php(1649): CodeIgniter\Database\BaseConnection->query('SELECT *
FROM `siswa`
JOIN `eskul` ON `eskul`.`id_siswa` =`=` `siswa`.`id`', [], false)
 2 APPPATH\Models\SiswaModel.php(14): CodeIgniter\Database\BaseBuilder->get()
 3 APPPATH\Controllers\UjiKom.php(23): App\Models\SiswaModel->getAllSiswa()
 4 SYSTEMPATH\CodeIgniter.php(933): App\Controllers\Ujikom->crud()
 5 SYSTEMPATH\CodeIgniter.php(507): CodeIgniter\CodeIgniter->runController(Object(App\Controllers\Ujikom))
 6 SYSTEMPATH\CodeIgniter.php(354): CodeIgniter\CodeIgniter->handleRequest(null, Object(Config\Cache), false)
 7 SYSTEMPATH\Boot.php(334): CodeIgniter\CodeIgniter->run()
 8 SYSTEMPATH\Boot.php(67): CodeIgniter\Boot::runCodeIgniter(Object(CodeIgniter\CodeIgniter))
 9 FCPATH\index.php(56): CodeIgniter\Boot::bootWeb(Object(Config\Paths))
10 SYSTEMPATH\rewrite.php(44): require_once('C:\\xampp\\htdocs\\ujikom\\public\\index.php')
CRITICAL - 2025-02-12 06:04:28 --> [Caused by] CodeIgniter\Database\Exceptions\DatabaseException: You have an error in your SQL syntax; check the manual that corresponds to your MariaDB server version for the right syntax to use near '`siswa`.`id`' at line 3
in SYSTEMPATH\Database\MySQLi\Connection.php on line 332.
 1 SYSTEMPATH\Database\BaseConnection.php(738): CodeIgniter\Database\MySQLi\Connection->execute('SELECT *
FROM `siswa`
JOIN `eskul` ON `eskul`.`id_siswa` =`=` `siswa`.`id`')
 2 SYSTEMPATH\Database\BaseConnection.php(652): CodeIgniter\Database\BaseConnection->simpleQuery('SELECT *
FROM `siswa`
JOIN `eskul` ON `eskul`.`id_siswa` =`=` `siswa`.`id`')
 3 SYSTEMPATH\Database\BaseBuilder.php(1649): CodeIgniter\Database\BaseConnection->query('SELECT *
FROM `siswa`
JOIN `eskul` ON `eskul`.`id_siswa` =`=` `siswa`.`id`', [], false)
 4 APPPATH\Models\SiswaModel.php(14): CodeIgniter\Database\BaseBuilder->get()
 5 APPPATH\Controllers\UjiKom.php(23): App\Models\SiswaModel->getAllSiswa()
 6 SYSTEMPATH\CodeIgniter.php(933): App\Controllers\Ujikom->crud()
 7 SYSTEMPATH\CodeIgniter.php(507): CodeIgniter\CodeIgniter->runController(Object(App\Controllers\Ujikom))
 8 SYSTEMPATH\CodeIgniter.php(354): CodeIgniter\CodeIgniter->handleRequest(null, Object(Config\Cache), false)
 9 SYSTEMPATH\Boot.php(334): CodeIgniter\CodeIgniter->run()
10 SYSTEMPATH\Boot.php(67): CodeIgniter\Boot::runCodeIgniter(Object(CodeIgniter\CodeIgniter))
11 FCPATH\index.php(56): CodeIgniter\Boot::bootWeb(Object(Config\Paths))
12 SYSTEMPATH\rewrite.php(44): require_once('C:\\xampp\\htdocs\\ujikom\\public\\index.php')
CRITICAL - 2025-02-12 06:04:28 --> [Caused by] mysqli_sql_exception: You have an error in your SQL syntax; check the manual that corresponds to your MariaDB server version for the right syntax to use near '`siswa`.`id`' at line 3
in SYSTEMPATH\Database\MySQLi\Connection.php on line 327.
 1 SYSTEMPATH\Database\MySQLi\Connection.php(327): mysqli->query('SELECT *
FROM `siswa`
JOIN `eskul` ON `eskul`.`id_siswa` =`=` `siswa`.`id`', 0)
 2 SYSTEMPATH\Database\BaseConnection.php(738): CodeIgniter\Database\MySQLi\Connection->execute('SELECT *
FROM `siswa`
JOIN `eskul` ON `eskul`.`id_siswa` =`=` `siswa`.`id`')
 3 SYSTEMPATH\Database\BaseConnection.php(652): CodeIgniter\Database\BaseConnection->simpleQuery('SELECT *
FROM `siswa`
JOIN `eskul` ON `eskul`.`id_siswa` =`=` `siswa`.`id`')
 4 SYSTEMPATH\Database\BaseBuilder.php(1649): CodeIgniter\Database\BaseConnection->query('SELECT *
FROM `siswa`
JOIN `eskul` ON `eskul`.`id_siswa` =`=` `siswa`.`id`', [], false)
 5 APPPATH\Models\SiswaModel.php(14): CodeIgniter\Database\BaseBuilder->get()
 6 APPPATH\Controllers\UjiKom.php(23): App\Models\SiswaModel->getAllSiswa()
 7 SYSTEMPATH\CodeIgniter.php(933): App\Controllers\Ujikom->crud()
 8 SYSTEMPATH\CodeIgniter.php(507): CodeIgniter\CodeIgniter->runController(Object(App\Controllers\Ujikom))
 9 SYSTEMPATH\CodeIgniter.php(354): CodeIgniter\CodeIgniter->handleRequest(null, Object(Config\Cache), false)
10 SYSTEMPATH\Boot.php(334): CodeIgniter\CodeIgniter->run()
11 SYSTEMPATH\Boot.php(67): CodeIgniter\Boot::runCodeIgniter(Object(CodeIgniter\CodeIgniter))
12 FCPATH\index.php(56): CodeIgniter\Boot::bootWeb(Object(Config\Paths))
13 SYSTEMPATH\rewrite.php(44): require_once('C:\\xampp\\htdocs\\ujikom\\public\\index.php')
ERROR - 2025-02-12 06:04:29 --> mysqli_sql_exception: You have an error in your SQL syntax; check the manual that corresponds to your MariaDB server version for the right syntax to use near '`siswa`.`id`' at line 3 in C:\xampp\htdocs\ujikom\system\Database\MySQLi\Connection.php:327
Stack trace:
#0 C:\xampp\htdocs\ujikom\system\Database\MySQLi\Connection.php(327): mysqli->query('SELECT *\nFROM `...', 0)
#1 C:\xampp\htdocs\ujikom\system\Database\BaseConnection.php(738): CodeIgniter\Database\MySQLi\Connection->execute('SELECT *\nFROM `...')
#2 C:\xampp\htdocs\ujikom\system\Database\BaseConnection.php(652): CodeIgniter\Database\BaseConnection->simpleQuery('SELECT *\nFROM `...')
#3 C:\xampp\htdocs\ujikom\system\Database\BaseBuilder.php(1649): CodeIgniter\Database\BaseConnection->query('SELECT *\nFROM `...', Array, false)
#4 C:\xampp\htdocs\ujikom\app\Models\SiswaModel.php(14): CodeIgniter\Database\BaseBuilder->get()
#5 C:\xampp\htdocs\ujikom\app\Controllers\UjiKom.php(23): App\Models\SiswaModel->getAllSiswa()
#6 C:\xampp\htdocs\ujikom\system\CodeIgniter.php(933): App\Controllers\Ujikom->crud()
#7 C:\xampp\htdocs\ujikom\system\CodeIgniter.php(507): CodeIgniter\CodeIgniter->runController(Object(App\Controllers\Ujikom))
#8 C:\xampp\htdocs\ujikom\system\CodeIgniter.php(354): CodeIgniter\CodeIgniter->handleRequest(NULL, Object(Config\Cache), false)
#9 C:\xampp\htdocs\ujikom\system\Boot.php(334): CodeIgniter\CodeIgniter->run()
#10 C:\xampp\htdocs\ujikom\system\Boot.php(67): CodeIgniter\Boot::runCodeIgniter(Object(CodeIgniter\CodeIgniter))
#11 C:\xampp\htdocs\ujikom\public\index.php(56): CodeIgniter\Boot::bootWeb(Object(Config\Paths))
#12 C:\xampp\htdocs\ujikom\system\rewrite.php(44): require_once('C:\\xampp\\htdocs...')
#13 {main}
CRITICAL - 2025-02-12 06:04:29 --> CodeIgniter\Database\Exceptions\DatabaseException: You have an error in your SQL syntax; check the manual that corresponds to your MariaDB server version for the right syntax to use near '`siswa`.`id`' at line 3
[Method: GET, Route: crud]
in SYSTEMPATH\Database\BaseConnection.php on line 692.
 1 SYSTEMPATH\Database\BaseBuilder.php(1649): CodeIgniter\Database\BaseConnection->query('SELECT *
FROM `siswa`
JOIN `eskul` ON `eskul`.`id_siswa` =`=` `siswa`.`id`', [], false)
 2 APPPATH\Models\SiswaModel.php(14): CodeIgniter\Database\BaseBuilder->get()
 3 APPPATH\Controllers\UjiKom.php(23): App\Models\SiswaModel->getAllSiswa()
 4 SYSTEMPATH\CodeIgniter.php(933): App\Controllers\Ujikom->crud()
 5 SYSTEMPATH\CodeIgniter.php(507): CodeIgniter\CodeIgniter->runController(Object(App\Controllers\Ujikom))
 6 SYSTEMPATH\CodeIgniter.php(354): CodeIgniter\CodeIgniter->handleRequest(null, Object(Config\Cache), false)
 7 SYSTEMPATH\Boot.php(334): CodeIgniter\CodeIgniter->run()
 8 SYSTEMPATH\Boot.php(67): CodeIgniter\Boot::runCodeIgniter(Object(CodeIgniter\CodeIgniter))
 9 FCPATH\index.php(56): CodeIgniter\Boot::bootWeb(Object(Config\Paths))
10 SYSTEMPATH\rewrite.php(44): require_once('C:\\xampp\\htdocs\\ujikom\\public\\index.php')
CRITICAL - 2025-02-12 06:04:29 --> [Caused by] CodeIgniter\Database\Exceptions\DatabaseException: You have an error in your SQL syntax; check the manual that corresponds to your MariaDB server version for the right syntax to use near '`siswa`.`id`' at line 3
in SYSTEMPATH\Database\MySQLi\Connection.php on line 332.
 1 SYSTEMPATH\Database\BaseConnection.php(738): CodeIgniter\Database\MySQLi\Connection->execute('SELECT *
FROM `siswa`
JOIN `eskul` ON `eskul`.`id_siswa` =`=` `siswa`.`id`')
 2 SYSTEMPATH\Database\BaseConnection.php(652): CodeIgniter\Database\BaseConnection->simpleQuery('SELECT *
FROM `siswa`
JOIN `eskul` ON `eskul`.`id_siswa` =`=` `siswa`.`id`')
 3 SYSTEMPATH\Database\BaseBuilder.php(1649): CodeIgniter\Database\BaseConnection->query('SELECT *
FROM `siswa`
JOIN `eskul` ON `eskul`.`id_siswa` =`=` `siswa`.`id`', [], false)
 4 APPPATH\Models\SiswaModel.php(14): CodeIgniter\Database\BaseBuilder->get()
 5 APPPATH\Controllers\UjiKom.php(23): App\Models\SiswaModel->getAllSiswa()
 6 SYSTEMPATH\CodeIgniter.php(933): App\Controllers\Ujikom->crud()
 7 SYSTEMPATH\CodeIgniter.php(507): CodeIgniter\CodeIgniter->runController(Object(App\Controllers\Ujikom))
 8 SYSTEMPATH\CodeIgniter.php(354): CodeIgniter\CodeIgniter->handleRequest(null, Object(Config\Cache), false)
 9 SYSTEMPATH\Boot.php(334): CodeIgniter\CodeIgniter->run()
10 SYSTEMPATH\Boot.php(67): CodeIgniter\Boot::runCodeIgniter(Object(CodeIgniter\CodeIgniter))
11 FCPATH\index.php(56): CodeIgniter\Boot::bootWeb(Object(Config\Paths))
12 SYSTEMPATH\rewrite.php(44): require_once('C:\\xampp\\htdocs\\ujikom\\public\\index.php')
CRITICAL - 2025-02-12 06:04:29 --> [Caused by] mysqli_sql_exception: You have an error in your SQL syntax; check the manual that corresponds to your MariaDB server version for the right syntax to use near '`siswa`.`id`' at line 3
in SYSTEMPATH\Database\MySQLi\Connection.php on line 327.
 1 SYSTEMPATH\Database\MySQLi\Connection.php(327): mysqli->query('SELECT *
FROM `siswa`
JOIN `eskul` ON `eskul`.`id_siswa` =`=` `siswa`.`id`', 0)
 2 SYSTEMPATH\Database\BaseConnection.php(738): CodeIgniter\Database\MySQLi\Connection->execute('SELECT *
FROM `siswa`
JOIN `eskul` ON `eskul`.`id_siswa` =`=` `siswa`.`id`')
 3 SYSTEMPATH\Database\BaseConnection.php(652): CodeIgniter\Database\BaseConnection->simpleQuery('SELECT *
FROM `siswa`
JOIN `eskul` ON `eskul`.`id_siswa` =`=` `siswa`.`id`')
 4 SYSTEMPATH\Database\BaseBuilder.php(1649): CodeIgniter\Database\BaseConnection->query('SELECT *
FROM `siswa`
JOIN `eskul` ON `eskul`.`id_siswa` =`=` `siswa`.`id`', [], false)
 5 APPPATH\Models\SiswaModel.php(14): CodeIgniter\Database\BaseBuilder->get()
 6 APPPATH\Controllers\UjiKom.php(23): App\Models\SiswaModel->getAllSiswa()
 7 SYSTEMPATH\CodeIgniter.php(933): App\Controllers\Ujikom->crud()
 8 SYSTEMPATH\CodeIgniter.php(507): CodeIgniter\CodeIgniter->runController(Object(App\Controllers\Ujikom))
 9 SYSTEMPATH\CodeIgniter.php(354): CodeIgniter\CodeIgniter->handleRequest(null, Object(Config\Cache), false)
10 SYSTEMPATH\Boot.php(334): CodeIgniter\CodeIgniter->run()
11 SYSTEMPATH\Boot.php(67): CodeIgniter\Boot::runCodeIgniter(Object(CodeIgniter\CodeIgniter))
12 FCPATH\index.php(56): CodeIgniter\Boot::bootWeb(Object(Config\Paths))
13 SYSTEMPATH\rewrite.php(44): require_once('C:\\xampp\\htdocs\\ujikom\\public\\index.php')
ERROR - 2025-02-12 06:05:03 --> mysqli_sql_exception: You have an error in your SQL syntax; check the manual that corresponds to your MariaDB server version for the right syntax to use near '`siswa`.`id`' at line 3 in C:\xampp\htdocs\ujikom\system\Database\MySQLi\Connection.php:327
Stack trace:
#0 C:\xampp\htdocs\ujikom\system\Database\MySQLi\Connection.php(327): mysqli->query('SELECT *\nFROM `...', 0)
#1 C:\xampp\htdocs\ujikom\system\Database\BaseConnection.php(738): CodeIgniter\Database\MySQLi\Connection->execute('SELECT *\nFROM `...')
#2 C:\xampp\htdocs\ujikom\system\Database\BaseConnection.php(652): CodeIgniter\Database\BaseConnection->simpleQuery('SELECT *\nFROM `...')
#3 C:\xampp\htdocs\ujikom\system\Database\BaseBuilder.php(1649): CodeIgniter\Database\BaseConnection->query('SELECT *\nFROM `...', Array, false)
#4 C:\xampp\htdocs\ujikom\app\Models\SiswaModel.php(16): CodeIgniter\Database\BaseBuilder->get()
#5 C:\xampp\htdocs\ujikom\app\Controllers\UjiKom.php(23): App\Models\SiswaModel->getAllSiswa()
#6 C:\xampp\htdocs\ujikom\system\CodeIgniter.php(933): App\Controllers\Ujikom->crud()
#7 C:\xampp\htdocs\ujikom\system\CodeIgniter.php(507): CodeIgniter\CodeIgniter->runController(Object(App\Controllers\Ujikom))
#8 C:\xampp\htdocs\ujikom\system\CodeIgniter.php(354): CodeIgniter\CodeIgniter->handleRequest(NULL, Object(Config\Cache), false)
#9 C:\xampp\htdocs\ujikom\system\Boot.php(334): CodeIgniter\CodeIgniter->run()
#10 C:\xampp\htdocs\ujikom\system\Boot.php(67): CodeIgniter\Boot::runCodeIgniter(Object(CodeIgniter\CodeIgniter))
#11 C:\xampp\htdocs\ujikom\public\index.php(56): CodeIgniter\Boot::bootWeb(Object(Config\Paths))
#12 C:\xampp\htdocs\ujikom\system\rewrite.php(44): require_once('C:\\xampp\\htdocs...')
#13 {main}
CRITICAL - 2025-02-12 06:05:03 --> CodeIgniter\Database\Exceptions\DatabaseException: You have an error in your SQL syntax; check the manual that corresponds to your MariaDB server version for the right syntax to use near '`siswa`.`id`' at line 3
[Method: GET, Route: crud]
in SYSTEMPATH\Database\BaseConnection.php on line 692.
 1 SYSTEMPATH\Database\BaseBuilder.php(1649): CodeIgniter\Database\BaseConnection->query('SELECT *
FROM `siswa`
JOIN `eskul` ON `eskul`.`id_siswa` =`=` `siswa`.`id`', [], false)
 2 APPPATH\Models\SiswaModel.php(16): CodeIgniter\Database\BaseBuilder->get()
 3 APPPATH\Controllers\UjiKom.php(23): App\Models\SiswaModel->getAllSiswa()
 4 SYSTEMPATH\CodeIgniter.php(933): App\Controllers\Ujikom->crud()
 5 SYSTEMPATH\CodeIgniter.php(507): CodeIgniter\CodeIgniter->runController(Object(App\Controllers\Ujikom))
 6 SYSTEMPATH\CodeIgniter.php(354): CodeIgniter\CodeIgniter->handleRequest(null, Object(Config\Cache), false)
 7 SYSTEMPATH\Boot.php(334): CodeIgniter\CodeIgniter->run()
 8 SYSTEMPATH\Boot.php(67): CodeIgniter\Boot::runCodeIgniter(Object(CodeIgniter\CodeIgniter))
 9 FCPATH\index.php(56): CodeIgniter\Boot::bootWeb(Object(Config\Paths))
10 SYSTEMPATH\rewrite.php(44): require_once('C:\\xampp\\htdocs\\ujikom\\public\\index.php')
CRITICAL - 2025-02-12 06:05:03 --> [Caused by] CodeIgniter\Database\Exceptions\DatabaseException: You have an error in your SQL syntax; check the manual that corresponds to your MariaDB server version for the right syntax to use near '`siswa`.`id`' at line 3
in SYSTEMPATH\Database\MySQLi\Connection.php on line 332.
 1 SYSTEMPATH\Database\BaseConnection.php(738): CodeIgniter\Database\MySQLi\Connection->execute('SELECT *
FROM `siswa`
JOIN `eskul` ON `eskul`.`id_siswa` =`=` `siswa`.`id`')
 2 SYSTEMPATH\Database\BaseConnection.php(652): CodeIgniter\Database\BaseConnection->simpleQuery('SELECT *
FROM `siswa`
JOIN `eskul` ON `eskul`.`id_siswa` =`=` `siswa`.`id`')
 3 SYSTEMPATH\Database\BaseBuilder.php(1649): CodeIgniter\Database\BaseConnection->query('SELECT *
FROM `siswa`
JOIN `eskul` ON `eskul`.`id_siswa` =`=` `siswa`.`id`', [], false)
 4 APPPATH\Models\SiswaModel.php(16): CodeIgniter\Database\BaseBuilder->get()
 5 APPPATH\Controllers\UjiKom.php(23): App\Models\SiswaModel->getAllSiswa()
 6 SYSTEMPATH\CodeIgniter.php(933): App\Controllers\Ujikom->crud()
 7 SYSTEMPATH\CodeIgniter.php(507): CodeIgniter\CodeIgniter->runController(Object(App\Controllers\Ujikom))
 8 SYSTEMPATH\CodeIgniter.php(354): CodeIgniter\CodeIgniter->handleRequest(null, Object(Config\Cache), false)
 9 SYSTEMPATH\Boot.php(334): CodeIgniter\CodeIgniter->run()
10 SYSTEMPATH\Boot.php(67): CodeIgniter\Boot::runCodeIgniter(Object(CodeIgniter\CodeIgniter))
11 FCPATH\index.php(56): CodeIgniter\Boot::bootWeb(Object(Config\Paths))
12 SYSTEMPATH\rewrite.php(44): require_once('C:\\xampp\\htdocs\\ujikom\\public\\index.php')
CRITICAL - 2025-02-12 06:05:03 --> [Caused by] mysqli_sql_exception: You have an error in your SQL syntax; check the manual that corresponds to your MariaDB server version for the right syntax to use near '`siswa`.`id`' at line 3
in SYSTEMPATH\Database\MySQLi\Connection.php on line 327.
 1 SYSTEMPATH\Database\MySQLi\Connection.php(327): mysqli->query('SELECT *
FROM `siswa`
JOIN `eskul` ON `eskul`.`id_siswa` =`=` `siswa`.`id`', 0)
 2 SYSTEMPATH\Database\BaseConnection.php(738): CodeIgniter\Database\MySQLi\Connection->execute('SELECT *
FROM `siswa`
JOIN `eskul` ON `eskul`.`id_siswa` =`=` `siswa`.`id`')
 3 SYSTEMPATH\Database\BaseConnection.php(652): CodeIgniter\Database\BaseConnection->simpleQuery('SELECT *
FROM `siswa`
JOIN `eskul` ON `eskul`.`id_siswa` =`=` `siswa`.`id`')
 4 SYSTEMPATH\Database\BaseBuilder.php(1649): CodeIgniter\Database\BaseConnection->query('SELECT *
FROM `siswa`
JOIN `eskul` ON `eskul`.`id_siswa` =`=` `siswa`.`id`', [], false)
 5 APPPATH\Models\SiswaModel.php(16): CodeIgniter\Database\BaseBuilder->get()
 6 APPPATH\Controllers\UjiKom.php(23): App\Models\SiswaModel->getAllSiswa()
 7 SYSTEMPATH\CodeIgniter.php(933): App\Controllers\Ujikom->crud()
 8 SYSTEMPATH\CodeIgniter.php(507): CodeIgniter\CodeIgniter->runController(Object(App\Controllers\Ujikom))
 9 SYSTEMPATH\CodeIgniter.php(354): CodeIgniter\CodeIgniter->handleRequest(null, Object(Config\Cache), false)
10 SYSTEMPATH\Boot.php(334): CodeIgniter\CodeIgniter->run()
11 SYSTEMPATH\Boot.php(67): CodeIgniter\Boot::runCodeIgniter(Object(CodeIgniter\CodeIgniter))
12 FCPATH\index.php(56): CodeIgniter\Boot::bootWeb(Object(Config\Paths))
13 SYSTEMPATH\rewrite.php(44): require_once('C:\\xampp\\htdocs\\ujikom\\public\\index.php')
ERROR - 2025-02-12 06:05:03 --> mysqli_sql_exception: You have an error in your SQL syntax; check the manual that corresponds to your MariaDB server version for the right syntax to use near '`siswa`.`id`' at line 3 in C:\xampp\htdocs\ujikom\system\Database\MySQLi\Connection.php:327
Stack trace:
#0 C:\xampp\htdocs\ujikom\system\Database\MySQLi\Connection.php(327): mysqli->query('SELECT *\nFROM `...', 0)
#1 C:\xampp\htdocs\ujikom\system\Database\BaseConnection.php(738): CodeIgniter\Database\MySQLi\Connection->execute('SELECT *\nFROM `...')
#2 C:\xampp\htdocs\ujikom\system\Database\BaseConnection.php(652): CodeIgniter\Database\BaseConnection->simpleQuery('SELECT *\nFROM `...')
#3 C:\xampp\htdocs\ujikom\system\Database\BaseBuilder.php(1649): CodeIgniter\Database\BaseConnection->query('SELECT *\nFROM `...', Array, false)
#4 C:\xampp\htdocs\ujikom\app\Models\SiswaModel.php(16): CodeIgniter\Database\BaseBuilder->get()
#5 C:\xampp\htdocs\ujikom\app\Controllers\UjiKom.php(23): App\Models\SiswaModel->getAllSiswa()
#6 C:\xampp\htdocs\ujikom\system\CodeIgniter.php(933): App\Controllers\Ujikom->crud()
#7 C:\xampp\htdocs\ujikom\system\CodeIgniter.php(507): CodeIgniter\CodeIgniter->runController(Object(App\Controllers\Ujikom))
#8 C:\xampp\htdocs\ujikom\system\CodeIgniter.php(354): CodeIgniter\CodeIgniter->handleRequest(NULL, Object(Config\Cache), false)
#9 C:\xampp\htdocs\ujikom\system\Boot.php(334): CodeIgniter\CodeIgniter->run()
#10 C:\xampp\htdocs\ujikom\system\Boot.php(67): CodeIgniter\Boot::runCodeIgniter(Object(CodeIgniter\CodeIgniter))
#11 C:\xampp\htdocs\ujikom\public\index.php(56): CodeIgniter\Boot::bootWeb(Object(Config\Paths))
#12 C:\xampp\htdocs\ujikom\system\rewrite.php(44): require_once('C:\\xampp\\htdocs...')
#13 {main}
CRITICAL - 2025-02-12 06:05:03 --> CodeIgniter\Database\Exceptions\DatabaseException: You have an error in your SQL syntax; check the manual that corresponds to your MariaDB server version for the right syntax to use near '`siswa`.`id`' at line 3
[Method: GET, Route: crud]
in SYSTEMPATH\Database\BaseConnection.php on line 692.
 1 SYSTEMPATH\Database\BaseBuilder.php(1649): CodeIgniter\Database\BaseConnection->query('SELECT *
FROM `siswa`
JOIN `eskul` ON `eskul`.`id_siswa` =`=` `siswa`.`id`', [], false)
 2 APPPATH\Models\SiswaModel.php(16): CodeIgniter\Database\BaseBuilder->get()
 3 APPPATH\Controllers\UjiKom.php(23): App\Models\SiswaModel->getAllSiswa()
 4 SYSTEMPATH\CodeIgniter.php(933): App\Controllers\Ujikom->crud()
 5 SYSTEMPATH\CodeIgniter.php(507): CodeIgniter\CodeIgniter->runController(Object(App\Controllers\Ujikom))
 6 SYSTEMPATH\CodeIgniter.php(354): CodeIgniter\CodeIgniter->handleRequest(null, Object(Config\Cache), false)
 7 SYSTEMPATH\Boot.php(334): CodeIgniter\CodeIgniter->run()
 8 SYSTEMPATH\Boot.php(67): CodeIgniter\Boot::runCodeIgniter(Object(CodeIgniter\CodeIgniter))
 9 FCPATH\index.php(56): CodeIgniter\Boot::bootWeb(Object(Config\Paths))
10 SYSTEMPATH\rewrite.php(44): require_once('C:\\xampp\\htdocs\\ujikom\\public\\index.php')
CRITICAL - 2025-02-12 06:05:03 --> [Caused by] CodeIgniter\Database\Exceptions\DatabaseException: You have an error in your SQL syntax; check the manual that corresponds to your MariaDB server version for the right syntax to use near '`siswa`.`id`' at line 3
in SYSTEMPATH\Database\MySQLi\Connection.php on line 332.
 1 SYSTEMPATH\Database\BaseConnection.php(738): CodeIgniter\Database\MySQLi\Connection->execute('SELECT *
FROM `siswa`
JOIN `eskul` ON `eskul`.`id_siswa` =`=` `siswa`.`id`')
 2 SYSTEMPATH\Database\BaseConnection.php(652): CodeIgniter\Database\BaseConnection->simpleQuery('SELECT *
FROM `siswa`
JOIN `eskul` ON `eskul`.`id_siswa` =`=` `siswa`.`id`')
 3 SYSTEMPATH\Database\BaseBuilder.php(1649): CodeIgniter\Database\BaseConnection->query('SELECT *
FROM `siswa`
JOIN `eskul` ON `eskul`.`id_siswa` =`=` `siswa`.`id`', [], false)
 4 APPPATH\Models\SiswaModel.php(16): CodeIgniter\Database\BaseBuilder->get()
 5 APPPATH\Controllers\UjiKom.php(23): App\Models\SiswaModel->getAllSiswa()
 6 SYSTEMPATH\CodeIgniter.php(933): App\Controllers\Ujikom->crud()
 7 SYSTEMPATH\CodeIgniter.php(507): CodeIgniter\CodeIgniter->runController(Object(App\Controllers\Ujikom))
 8 SYSTEMPATH\CodeIgniter.php(354): CodeIgniter\CodeIgniter->handleRequest(null, Object(Config\Cache), false)
 9 SYSTEMPATH\Boot.php(334): CodeIgniter\CodeIgniter->run()
10 SYSTEMPATH\Boot.php(67): CodeIgniter\Boot::runCodeIgniter(Object(CodeIgniter\CodeIgniter))
11 FCPATH\index.php(56): CodeIgniter\Boot::bootWeb(Object(Config\Paths))
12 SYSTEMPATH\rewrite.php(44): require_once('C:\\xampp\\htdocs\\ujikom\\public\\index.php')
CRITICAL - 2025-02-12 06:05:03 --> [Caused by] mysqli_sql_exception: You have an error in your SQL syntax; check the manual that corresponds to your MariaDB server version for the right syntax to use near '`siswa`.`id`' at line 3
in SYSTEMPATH\Database\MySQLi\Connection.php on line 327.
 1 SYSTEMPATH\Database\MySQLi\Connection.php(327): mysqli->query('SELECT *
FROM `siswa`
JOIN `eskul` ON `eskul`.`id_siswa` =`=` `siswa`.`id`', 0)
 2 SYSTEMPATH\Database\BaseConnection.php(738): CodeIgniter\Database\MySQLi\Connection->execute('SELECT *
FROM `siswa`
JOIN `eskul` ON `eskul`.`id_siswa` =`=` `siswa`.`id`')
 3 SYSTEMPATH\Database\BaseConnection.php(652): CodeIgniter\Database\BaseConnection->simpleQuery('SELECT *
FROM `siswa`
JOIN `eskul` ON `eskul`.`id_siswa` =`=` `siswa`.`id`')
 4 SYSTEMPATH\Database\BaseBuilder.php(1649): CodeIgniter\Database\BaseConnection->query('SELECT *
FROM `siswa`
JOIN `eskul` ON `eskul`.`id_siswa` =`=` `siswa`.`id`', [], false)
 5 APPPATH\Models\SiswaModel.php(16): CodeIgniter\Database\BaseBuilder->get()
 6 APPPATH\Controllers\UjiKom.php(23): App\Models\SiswaModel->getAllSiswa()
 7 SYSTEMPATH\CodeIgniter.php(933): App\Controllers\Ujikom->crud()
 8 SYSTEMPATH\CodeIgniter.php(507): CodeIgniter\CodeIgniter->runController(Object(App\Controllers\Ujikom))
 9 SYSTEMPATH\CodeIgniter.php(354): CodeIgniter\CodeIgniter->handleRequest(null, Object(Config\Cache), false)
10 SYSTEMPATH\Boot.php(334): CodeIgniter\CodeIgniter->run()
11 SYSTEMPATH\Boot.php(67): CodeIgniter\Boot::runCodeIgniter(Object(CodeIgniter\CodeIgniter))
12 FCPATH\index.php(56): CodeIgniter\Boot::bootWeb(Object(Config\Paths))
13 SYSTEMPATH\rewrite.php(44): require_once('C:\\xampp\\htdocs\\ujikom\\public\\index.php')
ERROR - 2025-02-12 06:05:04 --> mysqli_sql_exception: You have an error in your SQL syntax; check the manual that corresponds to your MariaDB server version for the right syntax to use near '`siswa`.`id`' at line 3 in C:\xampp\htdocs\ujikom\system\Database\MySQLi\Connection.php:327
Stack trace:
#0 C:\xampp\htdocs\ujikom\system\Database\MySQLi\Connection.php(327): mysqli->query('SELECT *\nFROM `...', 0)
#1 C:\xampp\htdocs\ujikom\system\Database\BaseConnection.php(738): CodeIgniter\Database\MySQLi\Connection->execute('SELECT *\nFROM `...')
#2 C:\xampp\htdocs\ujikom\system\Database\BaseConnection.php(652): CodeIgniter\Database\BaseConnection->simpleQuery('SELECT *\nFROM `...')
#3 C:\xampp\htdocs\ujikom\system\Database\BaseBuilder.php(1649): CodeIgniter\Database\BaseConnection->query('SELECT *\nFROM `...', Array, false)
#4 C:\xampp\htdocs\ujikom\app\Models\SiswaModel.php(16): CodeIgniter\Database\BaseBuilder->get()
#5 C:\xampp\htdocs\ujikom\app\Controllers\UjiKom.php(23): App\Models\SiswaModel->getAllSiswa()
#6 C:\xampp\htdocs\ujikom\system\CodeIgniter.php(933): App\Controllers\Ujikom->crud()
#7 C:\xampp\htdocs\ujikom\system\CodeIgniter.php(507): CodeIgniter\CodeIgniter->runController(Object(App\Controllers\Ujikom))
#8 C:\xampp\htdocs\ujikom\system\CodeIgniter.php(354): CodeIgniter\CodeIgniter->handleRequest(NULL, Object(Config\Cache), false)
#9 C:\xampp\htdocs\ujikom\system\Boot.php(334): CodeIgniter\CodeIgniter->run()
#10 C:\xampp\htdocs\ujikom\system\Boot.php(67): CodeIgniter\Boot::runCodeIgniter(Object(CodeIgniter\CodeIgniter))
#11 C:\xampp\htdocs\ujikom\public\index.php(56): CodeIgniter\Boot::bootWeb(Object(Config\Paths))
#12 C:\xampp\htdocs\ujikom\system\rewrite.php(44): require_once('C:\\xampp\\htdocs...')
#13 {main}
CRITICAL - 2025-02-12 06:05:04 --> CodeIgniter\Database\Exceptions\DatabaseException: You have an error in your SQL syntax; check the manual that corresponds to your MariaDB server version for the right syntax to use near '`siswa`.`id`' at line 3
[Method: GET, Route: crud]
in SYSTEMPATH\Database\BaseConnection.php on line 692.
 1 SYSTEMPATH\Database\BaseBuilder.php(1649): CodeIgniter\Database\BaseConnection->query('SELECT *
FROM `siswa`
JOIN `eskul` ON `eskul`.`id_siswa` =`=` `siswa`.`id`', [], false)
 2 APPPATH\Models\SiswaModel.php(16): CodeIgniter\Database\BaseBuilder->get()
 3 APPPATH\Controllers\UjiKom.php(23): App\Models\SiswaModel->getAllSiswa()
 4 SYSTEMPATH\CodeIgniter.php(933): App\Controllers\Ujikom->crud()
 5 SYSTEMPATH\CodeIgniter.php(507): CodeIgniter\CodeIgniter->runController(Object(App\Controllers\Ujikom))
 6 SYSTEMPATH\CodeIgniter.php(354): CodeIgniter\CodeIgniter->handleRequest(null, Object(Config\Cache), false)
 7 SYSTEMPATH\Boot.php(334): CodeIgniter\CodeIgniter->run()
 8 SYSTEMPATH\Boot.php(67): CodeIgniter\Boot::runCodeIgniter(Object(CodeIgniter\CodeIgniter))
 9 FCPATH\index.php(56): CodeIgniter\Boot::bootWeb(Object(Config\Paths))
10 SYSTEMPATH\rewrite.php(44): require_once('C:\\xampp\\htdocs\\ujikom\\public\\index.php')
CRITICAL - 2025-02-12 06:05:04 --> [Caused by] CodeIgniter\Database\Exceptions\DatabaseException: You have an error in your SQL syntax; check the manual that corresponds to your MariaDB server version for the right syntax to use near '`siswa`.`id`' at line 3
in SYSTEMPATH\Database\MySQLi\Connection.php on line 332.
 1 SYSTEMPATH\Database\BaseConnection.php(738): CodeIgniter\Database\MySQLi\Connection->execute('SELECT *
FROM `siswa`
JOIN `eskul` ON `eskul`.`id_siswa` =`=` `siswa`.`id`')
 2 SYSTEMPATH\Database\BaseConnection.php(652): CodeIgniter\Database\BaseConnection->simpleQuery('SELECT *
FROM `siswa`
JOIN `eskul` ON `eskul`.`id_siswa` =`=` `siswa`.`id`')
 3 SYSTEMPATH\Database\BaseBuilder.php(1649): CodeIgniter\Database\BaseConnection->query('SELECT *
FROM `siswa`
JOIN `eskul` ON `eskul`.`id_siswa` =`=` `siswa`.`id`', [], false)
 4 APPPATH\Models\SiswaModel.php(16): CodeIgniter\Database\BaseBuilder->get()
 5 APPPATH\Controllers\UjiKom.php(23): App\Models\SiswaModel->getAllSiswa()
 6 SYSTEMPATH\CodeIgniter.php(933): App\Controllers\Ujikom->crud()
 7 SYSTEMPATH\CodeIgniter.php(507): CodeIgniter\CodeIgniter->runController(Object(App\Controllers\Ujikom))
 8 SYSTEMPATH\CodeIgniter.php(354): CodeIgniter\CodeIgniter->handleRequest(null, Object(Config\Cache), false)
 9 SYSTEMPATH\Boot.php(334): CodeIgniter\CodeIgniter->run()
10 SYSTEMPATH\Boot.php(67): CodeIgniter\Boot::runCodeIgniter(Object(CodeIgniter\CodeIgniter))
11 FCPATH\index.php(56): CodeIgniter\Boot::bootWeb(Object(Config\Paths))
12 SYSTEMPATH\rewrite.php(44): require_once('C:\\xampp\\htdocs\\ujikom\\public\\index.php')
CRITICAL - 2025-02-12 06:05:04 --> [Caused by] mysqli_sql_exception: You have an error in your SQL syntax; check the manual that corresponds to your MariaDB server version for the right syntax to use near '`siswa`.`id`' at line 3
in SYSTEMPATH\Database\MySQLi\Connection.php on line 327.
 1 SYSTEMPATH\Database\MySQLi\Connection.php(327): mysqli->query('SELECT *
FROM `siswa`
JOIN `eskul` ON `eskul`.`id_siswa` =`=` `siswa`.`id`', 0)
 2 SYSTEMPATH\Database\BaseConnection.php(738): CodeIgniter\Database\MySQLi\Connection->execute('SELECT *
FROM `siswa`
JOIN `eskul` ON `eskul`.`id_siswa` =`=` `siswa`.`id`')
 3 SYSTEMPATH\Database\BaseConnection.php(652): CodeIgniter\Database\BaseConnection->simpleQuery('SELECT *
FROM `siswa`
JOIN `eskul` ON `eskul`.`id_siswa` =`=` `siswa`.`id`')
 4 SYSTEMPATH\Database\BaseBuilder.php(1649): CodeIgniter\Database\BaseConnection->query('SELECT *
FROM `siswa`
JOIN `eskul` ON `eskul`.`id_siswa` =`=` `siswa`.`id`', [], false)
 5 APPPATH\Models\SiswaModel.php(16): CodeIgniter\Database\BaseBuilder->get()
 6 APPPATH\Controllers\UjiKom.php(23): App\Models\SiswaModel->getAllSiswa()
 7 SYSTEMPATH\CodeIgniter.php(933): App\Controllers\Ujikom->crud()
 8 SYSTEMPATH\CodeIgniter.php(507): CodeIgniter\CodeIgniter->runController(Object(App\Controllers\Ujikom))
 9 SYSTEMPATH\CodeIgniter.php(354): CodeIgniter\CodeIgniter->handleRequest(null, Object(Config\Cache), false)
10 SYSTEMPATH\Boot.php(334): CodeIgniter\CodeIgniter->run()
11 SYSTEMPATH\Boot.php(67): CodeIgniter\Boot::runCodeIgniter(Object(CodeIgniter\CodeIgniter))
12 FCPATH\index.php(56): CodeIgniter\Boot::bootWeb(Object(Config\Paths))
13 SYSTEMPATH\rewrite.php(44): require_once('C:\\xampp\\htdocs\\ujikom\\public\\index.php')
ERROR - 2025-02-12 06:05:32 --> mysqli_sql_exception: You have an error in your SQL syntax; check the manual that corresponds to your MariaDB server version for the right syntax to use near '`siswa`.`id`' at line 3 in C:\xampp\htdocs\ujikom\system\Database\MySQLi\Connection.php:327
Stack trace:
#0 C:\xampp\htdocs\ujikom\system\Database\MySQLi\Connection.php(327): mysqli->query('SELECT *\nFROM `...', 0)
#1 C:\xampp\htdocs\ujikom\system\Database\BaseConnection.php(738): CodeIgniter\Database\MySQLi\Connection->execute('SELECT *\nFROM `...')
#2 C:\xampp\htdocs\ujikom\system\Database\BaseConnection.php(652): CodeIgniter\Database\BaseConnection->simpleQuery('SELECT *\nFROM `...')
#3 C:\xampp\htdocs\ujikom\system\Database\BaseBuilder.php(1649): CodeIgniter\Database\BaseConnection->query('SELECT *\nFROM `...', Array, false)
#4 C:\xampp\htdocs\ujikom\app\Models\SiswaModel.php(15): CodeIgniter\Database\BaseBuilder->get()
#5 C:\xampp\htdocs\ujikom\app\Controllers\UjiKom.php(23): App\Models\SiswaModel->getAllSiswa()
#6 C:\xampp\htdocs\ujikom\system\CodeIgniter.php(933): App\Controllers\Ujikom->crud()
#7 C:\xampp\htdocs\ujikom\system\CodeIgniter.php(507): CodeIgniter\CodeIgniter->runController(Object(App\Controllers\Ujikom))
#8 C:\xampp\htdocs\ujikom\system\CodeIgniter.php(354): CodeIgniter\CodeIgniter->handleRequest(NULL, Object(Config\Cache), false)
#9 C:\xampp\htdocs\ujikom\system\Boot.php(334): CodeIgniter\CodeIgniter->run()
#10 C:\xampp\htdocs\ujikom\system\Boot.php(67): CodeIgniter\Boot::runCodeIgniter(Object(CodeIgniter\CodeIgniter))
#11 C:\xampp\htdocs\ujikom\public\index.php(56): CodeIgniter\Boot::bootWeb(Object(Config\Paths))
#12 C:\xampp\htdocs\ujikom\system\rewrite.php(44): require_once('C:\\xampp\\htdocs...')
#13 {main}
CRITICAL - 2025-02-12 06:05:32 --> CodeIgniter\Database\Exceptions\DatabaseException: You have an error in your SQL syntax; check the manual that corresponds to your MariaDB server version for the right syntax to use near '`siswa`.`id`' at line 3
[Method: GET, Route: crud]
in SYSTEMPATH\Database\BaseConnection.php on line 692.
 1 SYSTEMPATH\Database\BaseBuilder.php(1649): CodeIgniter\Database\BaseConnection->query('SELECT *
FROM `siswa`
JOIN `eskul` ON `eskul`.`id_siswa` =`=` `siswa`.`id`', [], false)
 2 APPPATH\Models\SiswaModel.php(15): CodeIgniter\Database\BaseBuilder->get()
 3 APPPATH\Controllers\UjiKom.php(23): App\Models\SiswaModel->getAllSiswa()
 4 SYSTEMPATH\CodeIgniter.php(933): App\Controllers\Ujikom->crud()
 5 SYSTEMPATH\CodeIgniter.php(507): CodeIgniter\CodeIgniter->runController(Object(App\Controllers\Ujikom))
 6 SYSTEMPATH\CodeIgniter.php(354): CodeIgniter\CodeIgniter->handleRequest(null, Object(Config\Cache), false)
 7 SYSTEMPATH\Boot.php(334): CodeIgniter\CodeIgniter->run()
 8 SYSTEMPATH\Boot.php(67): CodeIgniter\Boot::runCodeIgniter(Object(CodeIgniter\CodeIgniter))
 9 FCPATH\index.php(56): CodeIgniter\Boot::bootWeb(Object(Config\Paths))
10 SYSTEMPATH\rewrite.php(44): require_once('C:\\xampp\\htdocs\\ujikom\\public\\index.php')
CRITICAL - 2025-02-12 06:05:32 --> [Caused by] CodeIgniter\Database\Exceptions\DatabaseException: You have an error in your SQL syntax; check the manual that corresponds to your MariaDB server version for the right syntax to use near '`siswa`.`id`' at line 3
in SYSTEMPATH\Database\MySQLi\Connection.php on line 332.
 1 SYSTEMPATH\Database\BaseConnection.php(738): CodeIgniter\Database\MySQLi\Connection->execute('SELECT *
FROM `siswa`
JOIN `eskul` ON `eskul`.`id_siswa` =`=` `siswa`.`id`')
 2 SYSTEMPATH\Database\BaseConnection.php(652): CodeIgniter\Database\BaseConnection->simpleQuery('SELECT *
FROM `siswa`
JOIN `eskul` ON `eskul`.`id_siswa` =`=` `siswa`.`id`')
 3 SYSTEMPATH\Database\BaseBuilder.php(1649): CodeIgniter\Database\BaseConnection->query('SELECT *
FROM `siswa`
JOIN `eskul` ON `eskul`.`id_siswa` =`=` `siswa`.`id`', [], false)
 4 APPPATH\Models\SiswaModel.php(15): CodeIgniter\Database\BaseBuilder->get()
 5 APPPATH\Controllers\UjiKom.php(23): App\Models\SiswaModel->getAllSiswa()
 6 SYSTEMPATH\CodeIgniter.php(933): App\Controllers\Ujikom->crud()
 7 SYSTEMPATH\CodeIgniter.php(507): CodeIgniter\CodeIgniter->runController(Object(App\Controllers\Ujikom))
 8 SYSTEMPATH\CodeIgniter.php(354): CodeIgniter\CodeIgniter->handleRequest(null, Object(Config\Cache), false)
 9 SYSTEMPATH\Boot.php(334): CodeIgniter\CodeIgniter->run()
10 SYSTEMPATH\Boot.php(67): CodeIgniter\Boot::runCodeIgniter(Object(CodeIgniter\CodeIgniter))
11 FCPATH\index.php(56): CodeIgniter\Boot::bootWeb(Object(Config\Paths))
12 SYSTEMPATH\rewrite.php(44): require_once('C:\\xampp\\htdocs\\ujikom\\public\\index.php')
CRITICAL - 2025-02-12 06:05:32 --> [Caused by] mysqli_sql_exception: You have an error in your SQL syntax; check the manual that corresponds to your MariaDB server version for the right syntax to use near '`siswa`.`id`' at line 3
in SYSTEMPATH\Database\MySQLi\Connection.php on line 327.
 1 SYSTEMPATH\Database\MySQLi\Connection.php(327): mysqli->query('SELECT *
FROM `siswa`
JOIN `eskul` ON `eskul`.`id_siswa` =`=` `siswa`.`id`', 0)
 2 SYSTEMPATH\Database\BaseConnection.php(738): CodeIgniter\Database\MySQLi\Connection->execute('SELECT *
FROM `siswa`
JOIN `eskul` ON `eskul`.`id_siswa` =`=` `siswa`.`id`')
 3 SYSTEMPATH\Database\BaseConnection.php(652): CodeIgniter\Database\BaseConnection->simpleQuery('SELECT *
FROM `siswa`
JOIN `eskul` ON `eskul`.`id_siswa` =`=` `siswa`.`id`')
 4 SYSTEMPATH\Database\BaseBuilder.php(1649): CodeIgniter\Database\BaseConnection->query('SELECT *
FROM `siswa`
JOIN `eskul` ON `eskul`.`id_siswa` =`=` `siswa`.`id`', [], false)
 5 APPPATH\Models\SiswaModel.php(15): CodeIgniter\Database\BaseBuilder->get()
 6 APPPATH\Controllers\UjiKom.php(23): App\Models\SiswaModel->getAllSiswa()
 7 SYSTEMPATH\CodeIgniter.php(933): App\Controllers\Ujikom->crud()
 8 SYSTEMPATH\CodeIgniter.php(507): CodeIgniter\CodeIgniter->runController(Object(App\Controllers\Ujikom))
 9 SYSTEMPATH\CodeIgniter.php(354): CodeIgniter\CodeIgniter->handleRequest(null, Object(Config\Cache), false)
10 SYSTEMPATH\Boot.php(334): CodeIgniter\CodeIgniter->run()
11 SYSTEMPATH\Boot.php(67): CodeIgniter\Boot::runCodeIgniter(Object(CodeIgniter\CodeIgniter))
12 FCPATH\index.php(56): CodeIgniter\Boot::bootWeb(Object(Config\Paths))
13 SYSTEMPATH\rewrite.php(44): require_once('C:\\xampp\\htdocs\\ujikom\\public\\index.php')
ERROR - 2025-02-12 06:06:01 --> mysqli_sql_exception: You have an error in your SQL syntax; check the manual that corresponds to your MariaDB server version for the right syntax to use near '`siswa`.`id`' at line 3 in C:\xampp\htdocs\ujikom\system\Database\MySQLi\Connection.php:327
Stack trace:
#0 C:\xampp\htdocs\ujikom\system\Database\MySQLi\Connection.php(327): mysqli->query('SELECT *\nFROM `...', 0)
#1 C:\xampp\htdocs\ujikom\system\Database\BaseConnection.php(738): CodeIgniter\Database\MySQLi\Connection->execute('SELECT *\nFROM `...')
#2 C:\xampp\htdocs\ujikom\system\Database\BaseConnection.php(652): CodeIgniter\Database\BaseConnection->simpleQuery('SELECT *\nFROM `...')
#3 C:\xampp\htdocs\ujikom\system\Database\BaseBuilder.php(1649): CodeIgniter\Database\BaseConnection->query('SELECT *\nFROM `...', Array, false)
#4 C:\xampp\htdocs\ujikom\app\Models\SiswaModel.php(15): CodeIgniter\Database\BaseBuilder->get()
#5 C:\xampp\htdocs\ujikom\app\Controllers\UjiKom.php(23): App\Models\SiswaModel->getAllSiswa()
#6 C:\xampp\htdocs\ujikom\system\CodeIgniter.php(933): App\Controllers\Ujikom->crud()
#7 C:\xampp\htdocs\ujikom\system\CodeIgniter.php(507): CodeIgniter\CodeIgniter->runController(Object(App\Controllers\Ujikom))
#8 C:\xampp\htdocs\ujikom\system\CodeIgniter.php(354): CodeIgniter\CodeIgniter->handleRequest(NULL, Object(Config\Cache), false)
#9 C:\xampp\htdocs\ujikom\system\Boot.php(334): CodeIgniter\CodeIgniter->run()
#10 C:\xampp\htdocs\ujikom\system\Boot.php(67): CodeIgniter\Boot::runCodeIgniter(Object(CodeIgniter\CodeIgniter))
#11 C:\xampp\htdocs\ujikom\public\index.php(56): CodeIgniter\Boot::bootWeb(Object(Config\Paths))
#12 C:\xampp\htdocs\ujikom\system\rewrite.php(44): require_once('C:\\xampp\\htdocs...')
#13 {main}
CRITICAL - 2025-02-12 06:06:01 --> CodeIgniter\Database\Exceptions\DatabaseException: You have an error in your SQL syntax; check the manual that corresponds to your MariaDB server version for the right syntax to use near '`siswa`.`id`' at line 3
[Method: GET, Route: crud]
in SYSTEMPATH\Database\BaseConnection.php on line 692.
 1 SYSTEMPATH\Database\BaseBuilder.php(1649): CodeIgniter\Database\BaseConnection->query('SELECT *
FROM `siswa`
JOIN `eskul` ON `eskul`.`id_siswa` =`=` `siswa`.`id`', [], false)
 2 APPPATH\Models\SiswaModel.php(15): CodeIgniter\Database\BaseBuilder->get()
 3 APPPATH\Controllers\UjiKom.php(23): App\Models\SiswaModel->getAllSiswa()
 4 SYSTEMPATH\CodeIgniter.php(933): App\Controllers\Ujikom->crud()
 5 SYSTEMPATH\CodeIgniter.php(507): CodeIgniter\CodeIgniter->runController(Object(App\Controllers\Ujikom))
 6 SYSTEMPATH\CodeIgniter.php(354): CodeIgniter\CodeIgniter->handleRequest(null, Object(Config\Cache), false)
 7 SYSTEMPATH\Boot.php(334): CodeIgniter\CodeIgniter->run()
 8 SYSTEMPATH\Boot.php(67): CodeIgniter\Boot::runCodeIgniter(Object(CodeIgniter\CodeIgniter))
 9 FCPATH\index.php(56): CodeIgniter\Boot::bootWeb(Object(Config\Paths))
10 SYSTEMPATH\rewrite.php(44): require_once('C:\\xampp\\htdocs\\ujikom\\public\\index.php')
CRITICAL - 2025-02-12 06:06:01 --> [Caused by] CodeIgniter\Database\Exceptions\DatabaseException: You have an error in your SQL syntax; check the manual that corresponds to your MariaDB server version for the right syntax to use near '`siswa`.`id`' at line 3
in SYSTEMPATH\Database\MySQLi\Connection.php on line 332.
 1 SYSTEMPATH\Database\BaseConnection.php(738): CodeIgniter\Database\MySQLi\Connection->execute('SELECT *
FROM `siswa`
JOIN `eskul` ON `eskul`.`id_siswa` =`=` `siswa`.`id`')
 2 SYSTEMPATH\Database\BaseConnection.php(652): CodeIgniter\Database\BaseConnection->simpleQuery('SELECT *
FROM `siswa`
JOIN `eskul` ON `eskul`.`id_siswa` =`=` `siswa`.`id`')
 3 SYSTEMPATH\Database\BaseBuilder.php(1649): CodeIgniter\Database\BaseConnection->query('SELECT *
FROM `siswa`
JOIN `eskul` ON `eskul`.`id_siswa` =`=` `siswa`.`id`', [], false)
 4 APPPATH\Models\SiswaModel.php(15): CodeIgniter\Database\BaseBuilder->get()
 5 APPPATH\Controllers\UjiKom.php(23): App\Models\SiswaModel->getAllSiswa()
 6 SYSTEMPATH\CodeIgniter.php(933): App\Controllers\Ujikom->crud()
 7 SYSTEMPATH\CodeIgniter.php(507): CodeIgniter\CodeIgniter->runController(Object(App\Controllers\Ujikom))
 8 SYSTEMPATH\CodeIgniter.php(354): CodeIgniter\CodeIgniter->handleRequest(null, Object(Config\Cache), false)
 9 SYSTEMPATH\Boot.php(334): CodeIgniter\CodeIgniter->run()
10 SYSTEMPATH\Boot.php(67): CodeIgniter\Boot::runCodeIgniter(Object(CodeIgniter\CodeIgniter))
11 FCPATH\index.php(56): CodeIgniter\Boot::bootWeb(Object(Config\Paths))
12 SYSTEMPATH\rewrite.php(44): require_once('C:\\xampp\\htdocs\\ujikom\\public\\index.php')
CRITICAL - 2025-02-12 06:06:01 --> [Caused by] mysqli_sql_exception: You have an error in your SQL syntax; check the manual that corresponds to your MariaDB server version for the right syntax to use near '`siswa`.`id`' at line 3
in SYSTEMPATH\Database\MySQLi\Connection.php on line 327.
 1 SYSTEMPATH\Database\MySQLi\Connection.php(327): mysqli->query('SELECT *
FROM `siswa`
JOIN `eskul` ON `eskul`.`id_siswa` =`=` `siswa`.`id`', 0)
 2 SYSTEMPATH\Database\BaseConnection.php(738): CodeIgniter\Database\MySQLi\Connection->execute('SELECT *
FROM `siswa`
JOIN `eskul` ON `eskul`.`id_siswa` =`=` `siswa`.`id`')
 3 SYSTEMPATH\Database\BaseConnection.php(652): CodeIgniter\Database\BaseConnection->simpleQuery('SELECT *
FROM `siswa`
JOIN `eskul` ON `eskul`.`id_siswa` =`=` `siswa`.`id`')
 4 SYSTEMPATH\Database\BaseBuilder.php(1649): CodeIgniter\Database\BaseConnection->query('SELECT *
FROM `siswa`
JOIN `eskul` ON `eskul`.`id_siswa` =`=` `siswa`.`id`', [], false)
 5 APPPATH\Models\SiswaModel.php(15): CodeIgniter\Database\BaseBuilder->get()
 6 APPPATH\Controllers\UjiKom.php(23): App\Models\SiswaModel->getAllSiswa()
 7 SYSTEMPATH\CodeIgniter.php(933): App\Controllers\Ujikom->crud()
 8 SYSTEMPATH\CodeIgniter.php(507): CodeIgniter\CodeIgniter->runController(Object(App\Controllers\Ujikom))
 9 SYSTEMPATH\CodeIgniter.php(354): CodeIgniter\CodeIgniter->handleRequest(null, Object(Config\Cache), false)
10 SYSTEMPATH\Boot.php(334): CodeIgniter\CodeIgniter->run()
11 SYSTEMPATH\Boot.php(67): CodeIgniter\Boot::runCodeIgniter(Object(CodeIgniter\CodeIgniter))
12 FCPATH\index.php(56): CodeIgniter\Boot::bootWeb(Object(Config\Paths))
13 SYSTEMPATH\rewrite.php(44): require_once('C:\\xampp\\htdocs\\ujikom\\public\\index.php')
ERROR - 2025-02-12 06:06:02 --> mysqli_sql_exception: You have an error in your SQL syntax; check the manual that corresponds to your MariaDB server version for the right syntax to use near '`siswa`.`id`' at line 3 in C:\xampp\htdocs\ujikom\system\Database\MySQLi\Connection.php:327
Stack trace:
#0 C:\xampp\htdocs\ujikom\system\Database\MySQLi\Connection.php(327): mysqli->query('SELECT *\nFROM `...', 0)
#1 C:\xampp\htdocs\ujikom\system\Database\BaseConnection.php(738): CodeIgniter\Database\MySQLi\Connection->execute('SELECT *\nFROM `...')
#2 C:\xampp\htdocs\ujikom\system\Database\BaseConnection.php(652): CodeIgniter\Database\BaseConnection->simpleQuery('SELECT *\nFROM `...')
#3 C:\xampp\htdocs\ujikom\system\Database\BaseBuilder.php(1649): CodeIgniter\Database\BaseConnection->query('SELECT *\nFROM `...', Array, false)
#4 C:\xampp\htdocs\ujikom\app\Models\SiswaModel.php(15): CodeIgniter\Database\BaseBuilder->get()
#5 C:\xampp\htdocs\ujikom\app\Controllers\UjiKom.php(23): App\Models\SiswaModel->getAllSiswa()
#6 C:\xampp\htdocs\ujikom\system\CodeIgniter.php(933): App\Controllers\Ujikom->crud()
#7 C:\xampp\htdocs\ujikom\system\CodeIgniter.php(507): CodeIgniter\CodeIgniter->runController(Object(App\Controllers\Ujikom))
#8 C:\xampp\htdocs\ujikom\system\CodeIgniter.php(354): CodeIgniter\CodeIgniter->handleRequest(NULL, Object(Config\Cache), false)
#9 C:\xampp\htdocs\ujikom\system\Boot.php(334): CodeIgniter\CodeIgniter->run()
#10 C:\xampp\htdocs\ujikom\system\Boot.php(67): CodeIgniter\Boot::runCodeIgniter(Object(CodeIgniter\CodeIgniter))
#11 C:\xampp\htdocs\ujikom\public\index.php(56): CodeIgniter\Boot::bootWeb(Object(Config\Paths))
#12 C:\xampp\htdocs\ujikom\system\rewrite.php(44): require_once('C:\\xampp\\htdocs...')
#13 {main}
CRITICAL - 2025-02-12 06:06:02 --> CodeIgniter\Database\Exceptions\DatabaseException: You have an error in your SQL syntax; check the manual that corresponds to your MariaDB server version for the right syntax to use near '`siswa`.`id`' at line 3
[Method: GET, Route: crud]
in SYSTEMPATH\Database\BaseConnection.php on line 692.
 1 SYSTEMPATH\Database\BaseBuilder.php(1649): CodeIgniter\Database\BaseConnection->query('SELECT *
FROM `siswa`
JOIN `eskul` ON `eskul`.`id_siswa` =`=` `siswa`.`id`', [], false)
 2 APPPATH\Models\SiswaModel.php(15): CodeIgniter\Database\BaseBuilder->get()
 3 APPPATH\Controllers\UjiKom.php(23): App\Models\SiswaModel->getAllSiswa()
 4 SYSTEMPATH\CodeIgniter.php(933): App\Controllers\Ujikom->crud()
 5 SYSTEMPATH\CodeIgniter.php(507): CodeIgniter\CodeIgniter->runController(Object(App\Controllers\Ujikom))
 6 SYSTEMPATH\CodeIgniter.php(354): CodeIgniter\CodeIgniter->handleRequest(null, Object(Config\Cache), false)
 7 SYSTEMPATH\Boot.php(334): CodeIgniter\CodeIgniter->run()
 8 SYSTEMPATH\Boot.php(67): CodeIgniter\Boot::runCodeIgniter(Object(CodeIgniter\CodeIgniter))
 9 FCPATH\index.php(56): CodeIgniter\Boot::bootWeb(Object(Config\Paths))
10 SYSTEMPATH\rewrite.php(44): require_once('C:\\xampp\\htdocs\\ujikom\\public\\index.php')
CRITICAL - 2025-02-12 06:06:02 --> [Caused by] CodeIgniter\Database\Exceptions\DatabaseException: You have an error in your SQL syntax; check the manual that corresponds to your MariaDB server version for the right syntax to use near '`siswa`.`id`' at line 3
in SYSTEMPATH\Database\MySQLi\Connection.php on line 332.
 1 SYSTEMPATH\Database\BaseConnection.php(738): CodeIgniter\Database\MySQLi\Connection->execute('SELECT *
FROM `siswa`
JOIN `eskul` ON `eskul`.`id_siswa` =`=` `siswa`.`id`')
 2 SYSTEMPATH\Database\BaseConnection.php(652): CodeIgniter\Database\BaseConnection->simpleQuery('SELECT *
FROM `siswa`
JOIN `eskul` ON `eskul`.`id_siswa` =`=` `siswa`.`id`')
 3 SYSTEMPATH\Database\BaseBuilder.php(1649): CodeIgniter\Database\BaseConnection->query('SELECT *
FROM `siswa`
JOIN `eskul` ON `eskul`.`id_siswa` =`=` `siswa`.`id`', [], false)
 4 APPPATH\Models\SiswaModel.php(15): CodeIgniter\Database\BaseBuilder->get()
 5 APPPATH\Controllers\UjiKom.php(23): App\Models\SiswaModel->getAllSiswa()
 6 SYSTEMPATH\CodeIgniter.php(933): App\Controllers\Ujikom->crud()
 7 SYSTEMPATH\CodeIgniter.php(507): CodeIgniter\CodeIgniter->runController(Object(App\Controllers\Ujikom))
 8 SYSTEMPATH\CodeIgniter.php(354): CodeIgniter\CodeIgniter->handleRequest(null, Object(Config\Cache), false)
 9 SYSTEMPATH\Boot.php(334): CodeIgniter\CodeIgniter->run()
10 SYSTEMPATH\Boot.php(67): CodeIgniter\Boot::runCodeIgniter(Object(CodeIgniter\CodeIgniter))
11 FCPATH\index.php(56): CodeIgniter\Boot::bootWeb(Object(Config\Paths))
12 SYSTEMPATH\rewrite.php(44): require_once('C:\\xampp\\htdocs\\ujikom\\public\\index.php')
CRITICAL - 2025-02-12 06:06:02 --> [Caused by] mysqli_sql_exception: You have an error in your SQL syntax; check the manual that corresponds to your MariaDB server version for the right syntax to use near '`siswa`.`id`' at line 3
in SYSTEMPATH\Database\MySQLi\Connection.php on line 327.
 1 SYSTEMPATH\Database\MySQLi\Connection.php(327): mysqli->query('SELECT *
FROM `siswa`
JOIN `eskul` ON `eskul`.`id_siswa` =`=` `siswa`.`id`', 0)
 2 SYSTEMPATH\Database\BaseConnection.php(738): CodeIgniter\Database\MySQLi\Connection->execute('SELECT *
FROM `siswa`
JOIN `eskul` ON `eskul`.`id_siswa` =`=` `siswa`.`id`')
 3 SYSTEMPATH\Database\BaseConnection.php(652): CodeIgniter\Database\BaseConnection->simpleQuery('SELECT *
FROM `siswa`
JOIN `eskul` ON `eskul`.`id_siswa` =`=` `siswa`.`id`')
 4 SYSTEMPATH\Database\BaseBuilder.php(1649): CodeIgniter\Database\BaseConnection->query('SELECT *
FROM `siswa`
JOIN `eskul` ON `eskul`.`id_siswa` =`=` `siswa`.`id`', [], false)
 5 APPPATH\Models\SiswaModel.php(15): CodeIgniter\Database\BaseBuilder->get()
 6 APPPATH\Controllers\UjiKom.php(23): App\Models\SiswaModel->getAllSiswa()
 7 SYSTEMPATH\CodeIgniter.php(933): App\Controllers\Ujikom->crud()
 8 SYSTEMPATH\CodeIgniter.php(507): CodeIgniter\CodeIgniter->runController(Object(App\Controllers\Ujikom))
 9 SYSTEMPATH\CodeIgniter.php(354): CodeIgniter\CodeIgniter->handleRequest(null, Object(Config\Cache), false)
10 SYSTEMPATH\Boot.php(334): CodeIgniter\CodeIgniter->run()
11 SYSTEMPATH\Boot.php(67): CodeIgniter\Boot::runCodeIgniter(Object(CodeIgniter\CodeIgniter))
12 FCPATH\index.php(56): CodeIgniter\Boot::bootWeb(Object(Config\Paths))
13 SYSTEMPATH\rewrite.php(44): require_once('C:\\xampp\\htdocs\\ujikom\\public\\index.php')
CRITICAL - 2025-02-12 06:12:16 --> ErrorException: Undefined variable $e
[Method: GET, Route: crud]
in APPPATH\Views\crud.php on line 35.
 1 APPPATH\Views\crud.php(35): CodeIgniter\Debug\Exceptions->errorHandler(2, 'Undefined variable $e', 'C:\\xampp\\htdocs\\ujikom\\app\\Views\\crud.php', 35)
 2 SYSTEMPATH\View\View.php(224): include('C:\\xampp\\htdocs\\ujikom\\app\\Views\\crud.php')
 3 SYSTEMPATH\View\View.php(227): CodeIgniter\View\View->CodeIgniter\View\{closure}()
 4 SYSTEMPATH\Common.php(1173): CodeIgniter\View\View->render('crud', [], true)
 5 APPPATH\Controllers\UjiKom.php(26): view('crud', [...])
 6 SYSTEMPATH\CodeIgniter.php(933): App\Controllers\Ujikom->crud()
 7 SYSTEMPATH\CodeIgniter.php(507): CodeIgniter\CodeIgniter->runController(Object(App\Controllers\Ujikom))
 8 SYSTEMPATH\CodeIgniter.php(354): CodeIgniter\CodeIgniter->handleRequest(null, Object(Config\Cache), false)
 9 SYSTEMPATH\Boot.php(334): CodeIgniter\CodeIgniter->run()
10 SYSTEMPATH\Boot.php(67): CodeIgniter\Boot::runCodeIgniter(Object(CodeIgniter\CodeIgniter))
11 FCPATH\index.php(56): CodeIgniter\Boot::bootWeb(Object(Config\Paths))
12 SYSTEMPATH\rewrite.php(44): require_once('C:\\xampp\\htdocs\\ujikom\\public\\index.php')
CRITICAL - 2025-02-12 06:12:17 --> ErrorException: Undefined variable $e
[Method: GET, Route: crud]
in APPPATH\Views\crud.php on line 35.
 1 APPPATH\Views\crud.php(35): CodeIgniter\Debug\Exceptions->errorHandler(2, 'Undefined variable $e', 'C:\\xampp\\htdocs\\ujikom\\app\\Views\\crud.php', 35)
 2 SYSTEMPATH\View\View.php(224): include('C:\\xampp\\htdocs\\ujikom\\app\\Views\\crud.php')
 3 SYSTEMPATH\View\View.php(227): CodeIgniter\View\View->CodeIgniter\View\{closure}()
 4 SYSTEMPATH\Common.php(1173): CodeIgniter\View\View->render('crud', [], true)
 5 APPPATH\Controllers\UjiKom.php(26): view('crud', [...])
 6 SYSTEMPATH\CodeIgniter.php(933): App\Controllers\Ujikom->crud()
 7 SYSTEMPATH\CodeIgniter.php(507): CodeIgniter\CodeIgniter->runController(Object(App\Controllers\Ujikom))
 8 SYSTEMPATH\CodeIgniter.php(354): CodeIgniter\CodeIgniter->handleRequest(null, Object(Config\Cache), false)
 9 SYSTEMPATH\Boot.php(334): CodeIgniter\CodeIgniter->run()
10 SYSTEMPATH\Boot.php(67): CodeIgniter\Boot::runCodeIgniter(Object(CodeIgniter\CodeIgniter))
11 FCPATH\index.php(56): CodeIgniter\Boot::bootWeb(Object(Config\Paths))
12 SYSTEMPATH\rewrite.php(44): require_once('C:\\xampp\\htdocs\\ujikom\\public\\index.php')
CRITICAL - 2025-02-12 06:39:07 --> ErrorException: Trying to access array offset on value of type null
[Method: GET, Route: crud/edit/168]
in APPPATH\Views\edit.php on line 26.
 1 APPPATH\Views\edit.php(26): CodeIgniter\Debug\Exceptions->errorHandler(2, 'Trying to access array offset on value of type null', 'C:\\xampp\\htdocs\\ujikom\\app\\Views\\edit.php', 26)
 2 SYSTEMPATH\View\View.php(224): include('C:\\xampp\\htdocs\\ujikom\\app\\Views\\edit.php')
 3 SYSTEMPATH\View\View.php(227): CodeIgniter\View\View->CodeIgniter\View\{closure}()
 4 SYSTEMPATH\Common.php(1173): CodeIgniter\View\View->render('edit', [], true)
 5 APPPATH\Controllers\UjiKom.php(56): view('edit', [...])
 6 SYSTEMPATH\CodeIgniter.php(933): App\Controllers\Ujikom->edit('168')
 7 SYSTEMPATH\CodeIgniter.php(507): CodeIgniter\CodeIgniter->runController(Object(App\Controllers\Ujikom))
 8 SYSTEMPATH\CodeIgniter.php(354): CodeIgniter\CodeIgniter->handleRequest(null, Object(Config\Cache), false)
 9 SYSTEMPATH\Boot.php(334): CodeIgniter\CodeIgniter->run()
10 SYSTEMPATH\Boot.php(67): CodeIgniter\Boot::runCodeIgniter(Object(CodeIgniter\CodeIgniter))
11 FCPATH\index.php(56): CodeIgniter\Boot::bootWeb(Object(Config\Paths))
12 SYSTEMPATH\rewrite.php(44): require_once('C:\\xampp\\htdocs\\ujikom\\public\\index.php')
CRITICAL - 2025-02-12 06:41:19 --> ErrorException: Trying to access array offset on value of type null
[Method: GET, Route: crud/edit/168]
in APPPATH\Views\edit.php on line 30.
 1 APPPATH\Views\edit.php(30): CodeIgniter\Debug\Exceptions->errorHandler(2, 'Trying to access array offset on value of type null', 'C:\\xampp\\htdocs\\ujikom\\app\\Views\\edit.php', 30)
 2 SYSTEMPATH\View\View.php(224): include('C:\\xampp\\htdocs\\ujikom\\app\\Views\\edit.php')
 3 SYSTEMPATH\View\View.php(227): CodeIgniter\View\View->CodeIgniter\View\{closure}()
 4 SYSTEMPATH\Common.php(1173): CodeIgniter\View\View->render('edit', [], true)
 5 APPPATH\Controllers\UjiKom.php(56): view('edit', [...])
 6 SYSTEMPATH\CodeIgniter.php(933): App\Controllers\Ujikom->edit('168')
 7 SYSTEMPATH\CodeIgniter.php(507): CodeIgniter\CodeIgniter->runController(Object(App\Controllers\Ujikom))
 8 SYSTEMPATH\CodeIgniter.php(354): CodeIgniter\CodeIgniter->handleRequest(null, Object(Config\Cache), false)
 9 SYSTEMPATH\Boot.php(334): CodeIgniter\CodeIgniter->run()
10 SYSTEMPATH\Boot.php(67): CodeIgniter\Boot::runCodeIgniter(Object(CodeIgniter\CodeIgniter))
11 FCPATH\index.php(56): CodeIgniter\Boot::bootWeb(Object(Config\Paths))
12 SYSTEMPATH\rewrite.php(44): require_once('C:\\xampp\\htdocs\\ujikom\\public\\index.php')
CRITICAL - 2025-02-12 06:41:20 --> ErrorException: Trying to access array offset on value of type null
[Method: GET, Route: crud/edit/168]
in APPPATH\Views\edit.php on line 30.
 1 APPPATH\Views\edit.php(30): CodeIgniter\Debug\Exceptions->errorHandler(2, 'Trying to access array offset on value of type null', 'C:\\xampp\\htdocs\\ujikom\\app\\Views\\edit.php', 30)
 2 SYSTEMPATH\View\View.php(224): include('C:\\xampp\\htdocs\\ujikom\\app\\Views\\edit.php')
 3 SYSTEMPATH\View\View.php(227): CodeIgniter\View\View->CodeIgniter\View\{closure}()
 4 SYSTEMPATH\Common.php(1173): CodeIgniter\View\View->render('edit', [], true)
 5 APPPATH\Controllers\UjiKom.php(56): view('edit', [...])
 6 SYSTEMPATH\CodeIgniter.php(933): App\Controllers\Ujikom->edit('168')
 7 SYSTEMPATH\CodeIgniter.php(507): CodeIgniter\CodeIgniter->runController(Object(App\Controllers\Ujikom))
 8 SYSTEMPATH\CodeIgniter.php(354): CodeIgniter\CodeIgniter->handleRequest(null, Object(Config\Cache), false)
 9 SYSTEMPATH\Boot.php(334): CodeIgniter\CodeIgniter->run()
10 SYSTEMPATH\Boot.php(67): CodeIgniter\Boot::runCodeIgniter(Object(CodeIgniter\CodeIgniter))
11 FCPATH\index.php(56): CodeIgniter\Boot::bootWeb(Object(Config\Paths))
12 SYSTEMPATH\rewrite.php(44): require_once('C:\\xampp\\htdocs\\ujikom\\public\\index.php')
CRITICAL - 2025-02-12 06:41:21 --> ErrorException: Trying to access array offset on value of type null
[Method: GET, Route: crud/edit/168]
in APPPATH\Views\edit.php on line 30.
 1 APPPATH\Views\edit.php(30): CodeIgniter\Debug\Exceptions->errorHandler(2, 'Trying to access array offset on value of type null', 'C:\\xampp\\htdocs\\ujikom\\app\\Views\\edit.php', 30)
 2 SYSTEMPATH\View\View.php(224): include('C:\\xampp\\htdocs\\ujikom\\app\\Views\\edit.php')
 3 SYSTEMPATH\View\View.php(227): CodeIgniter\View\View->CodeIgniter\View\{closure}()
 4 SYSTEMPATH\Common.php(1173): CodeIgniter\View\View->render('edit', [], true)
 5 APPPATH\Controllers\UjiKom.php(56): view('edit', [...])
 6 SYSTEMPATH\CodeIgniter.php(933): App\Controllers\Ujikom->edit('168')
 7 SYSTEMPATH\CodeIgniter.php(507): CodeIgniter\CodeIgniter->runController(Object(App\Controllers\Ujikom))
 8 SYSTEMPATH\CodeIgniter.php(354): CodeIgniter\CodeIgniter->handleRequest(null, Object(Config\Cache), false)
 9 SYSTEMPATH\Boot.php(334): CodeIgniter\CodeIgniter->run()
10 SYSTEMPATH\Boot.php(67): CodeIgniter\Boot::runCodeIgniter(Object(CodeIgniter\CodeIgniter))
11 FCPATH\index.php(56): CodeIgniter\Boot::bootWeb(Object(Config\Paths))
12 SYSTEMPATH\rewrite.php(44): require_once('C:\\xampp\\htdocs\\ujikom\\public\\index.php')
CRITICAL - 2025-02-12 07:15:07 --> CodeIgniter\Encryption\Exceptions\EncryptionException: Encrypter needs a starter key.
[Method: GET, Route: enkripsi]
in SYSTEMPATH\Encryption\Encryption.php on line 128.
 1 SYSTEMPATH\Encryption\Encryption.php(128): CodeIgniter\Encryption\Exceptions\EncryptionException::forNeedsStarterKey()
 2 SYSTEMPATH\Config\Services.php(256): CodeIgniter\Encryption\Encryption->initialize(Object(Config\Encryption))
 3 SYSTEMPATH\Config\BaseService.php(321): CodeIgniter\Config\Services::encrypter()
 4 SYSTEMPATH\Config\BaseService.php(202): CodeIgniter\Config\BaseService::__callStatic('encrypter', [])
 5 SYSTEMPATH\Common.php(1000): CodeIgniter\Config\BaseService::get('encrypter')
 6 APPPATH\Views\enkripsi.php(5): service('encrypter')
 7 SYSTEMPATH\View\View.php(224): include('C:\\xampp\\htdocs\\ujikom\\app\\Views\\enkripsi.php')
 8 SYSTEMPATH\View\View.php(227): CodeIgniter\View\View->CodeIgniter\View\{closure}()
 9 SYSTEMPATH\Common.php(1173): CodeIgniter\View\View->render('enkripsi', [], true)
10 APPPATH\Controllers\UjiKom.php(127): view('enkripsi')
11 SYSTEMPATH\CodeIgniter.php(933): App\Controllers\Ujikom->enkripsi()
12 SYSTEMPATH\CodeIgniter.php(507): CodeIgniter\CodeIgniter->runController(Object(App\Controllers\Ujikom))
13 SYSTEMPATH\CodeIgniter.php(354): CodeIgniter\CodeIgniter->handleRequest(null, Object(Config\Cache), false)
14 SYSTEMPATH\Boot.php(334): CodeIgniter\CodeIgniter->run()
15 SYSTEMPATH\Boot.php(67): CodeIgniter\Boot::runCodeIgniter(Object(CodeIgniter\CodeIgniter))
16 FCPATH\index.php(56): CodeIgniter\Boot::bootWeb(Object(Config\Paths))
17 SYSTEMPATH\rewrite.php(44): require_once('C:\\xampp\\htdocs\\ujikom\\public\\index.php')
CRITICAL - 2025-02-12 07:18:44 --> ParseError: syntax error, unexpected token "echo"
[Method: GET, Route: enkripsi]
in APPPATH\Views\enkripsi.php on line 22.
 1 SYSTEMPATH\View\View.php(227): CodeIgniter\View\View->CodeIgniter\View\{closure}()
 2 SYSTEMPATH\Common.php(1173): CodeIgniter\View\View->render('enkripsi', [], true)
 3 APPPATH\Controllers\UjiKom.php(127): view('enkripsi')
 4 SYSTEMPATH\CodeIgniter.php(933): App\Controllers\Ujikom->enkripsi()
 5 SYSTEMPATH\CodeIgniter.php(507): CodeIgniter\CodeIgniter->runController(Object(App\Controllers\Ujikom))
 6 SYSTEMPATH\CodeIgniter.php(354): CodeIgniter\CodeIgniter->handleRequest(null, Object(Config\Cache), false)
 7 SYSTEMPATH\Boot.php(334): CodeIgniter\CodeIgniter->run()
 8 SYSTEMPATH\Boot.php(67): CodeIgniter\Boot::runCodeIgniter(Object(CodeIgniter\CodeIgniter))
 9 FCPATH\index.php(56): CodeIgniter\Boot::bootWeb(Object(Config\Paths))
10 SYSTEMPATH\rewrite.php(44): require_once('C:\\xampp\\htdocs\\ujikom\\public\\index.php')
WARNING - 2025-02-12 07:20:10 --> [DEPRECATED] sha1(): Passing null to parameter #1 ($string) of type string is deprecated in APPPATH\Views\enkripsi.php on line 18.
 1 APPPATH\Views\enkripsi.php(18): sha1(null)
 2 SYSTEMPATH\View\View.php(224): include('C:\\xampp\\htdocs\\ujikom\\app\\Views\\enkripsi.php')
 3 SYSTEMPATH\View\View.php(227): CodeIgniter\View\View->CodeIgniter\View\{closure}()
 4 SYSTEMPATH\Common.php(1173): CodeIgniter\View\View->render('enkripsi', [], true)
 5 APPPATH\Controllers\UjiKom.php(134): view('enkripsi', [...])
 6 SYSTEMPATH\CodeIgniter.php(933): App\Controllers\Ujikom->enkripsi()
 7 SYSTEMPATH\CodeIgniter.php(507): CodeIgniter\CodeIgniter->runController(Object(App\Controllers\Ujikom))
 8 SYSTEMPATH\CodeIgniter.php(354): CodeIgniter\CodeIgniter->handleRequest(null, Object(Config\Cache), false)
 9 SYSTEMPATH\Boot.php(334): CodeIgniter\CodeIgniter->run()
10 SYSTEMPATH\Boot.php(67): CodeIgniter\Boot::runCodeIgniter(Object(CodeIgniter\CodeIgniter))
11 FCPATH\index.php(56): CodeIgniter\Boot::bootWeb(Object(Config\Paths))
12 SYSTEMPATH\rewrite.php(44): require_once('C:\\xampp\\htdocs\\ujikom\\public\\index.php')
WARNING - 2025-02-12 07:20:21 --> [DEPRECATED] sha1(): Passing null to parameter #1 ($string) of type string is deprecated in APPPATH\Views\enkripsi.php on line 18.
 1 APPPATH\Views\enkripsi.php(18): sha1(null)
 2 SYSTEMPATH\View\View.php(224): include('C:\\xampp\\htdocs\\ujikom\\app\\Views\\enkripsi.php')
 3 SYSTEMPATH\View\View.php(227): CodeIgniter\View\View->CodeIgniter\View\{closure}()
 4 SYSTEMPATH\Common.php(1173): CodeIgniter\View\View->render('enkripsi', [], true)
 5 APPPATH\Controllers\UjiKom.php(134): view('enkripsi', [...])
 6 SYSTEMPATH\CodeIgniter.php(933): App\Controllers\Ujikom->enkripsi()
 7 SYSTEMPATH\CodeIgniter.php(507): CodeIgniter\CodeIgniter->runController(Object(App\Controllers\Ujikom))
 8 SYSTEMPATH\CodeIgniter.php(354): CodeIgniter\CodeIgniter->handleRequest(null, Object(Config\Cache), false)
 9 SYSTEMPATH\Boot.php(334): CodeIgniter\CodeIgniter->run()
10 SYSTEMPATH\Boot.php(67): CodeIgniter\Boot::runCodeIgniter(Object(CodeIgniter\CodeIgniter))
11 FCPATH\index.php(56): CodeIgniter\Boot::bootWeb(Object(Config\Paths))
12 SYSTEMPATH\rewrite.php(44): require_once('C:\\xampp\\htdocs\\ujikom\\public\\index.php')
WARNING - 2025-02-12 07:22:41 --> [DEPRECATED] sha1(): Passing null to parameter #1 ($string) of type string is deprecated in APPPATH\Views\enkripsi.php on line 18.
 1 APPPATH\Views\enkripsi.php(18): sha1(null)
 2 SYSTEMPATH\View\View.php(224): include('C:\\xampp\\htdocs\\ujikom\\app\\Views\\enkripsi.php')
 3 SYSTEMPATH\View\View.php(227): CodeIgniter\View\View->CodeIgniter\View\{closure}()
 4 SYSTEMPATH\Common.php(1173): CodeIgniter\View\View->render('enkripsi', [], true)
 5 APPPATH\Controllers\UjiKom.php(134): view('enkripsi', [...])
 6 SYSTEMPATH\CodeIgniter.php(933): App\Controllers\Ujikom->enkripsi()
 7 SYSTEMPATH\CodeIgniter.php(507): CodeIgniter\CodeIgniter->runController(Object(App\Controllers\Ujikom))
 8 SYSTEMPATH\CodeIgniter.php(354): CodeIgniter\CodeIgniter->handleRequest(null, Object(Config\Cache), false)
 9 SYSTEMPATH\Boot.php(334): CodeIgniter\CodeIgniter->run()
10 SYSTEMPATH\Boot.php(67): CodeIgniter\Boot::runCodeIgniter(Object(CodeIgniter\CodeIgniter))
11 FCPATH\index.php(56): CodeIgniter\Boot::bootWeb(Object(Config\Paths))
12 SYSTEMPATH\rewrite.php(44): require_once('C:\\xampp\\htdocs\\ujikom\\public\\index.php')
WARNING - 2025-02-12 07:27:30 --> [DEPRECATED] sha1(): Passing null to parameter #1 ($string) of type string is deprecated in APPPATH\Views\enkripsi.php on line 18.
 1 APPPATH\Views\enkripsi.php(18): sha1(null)
 2 SYSTEMPATH\View\View.php(224): include('C:\\xampp\\htdocs\\ujikom\\app\\Views\\enkripsi.php')
 3 SYSTEMPATH\View\View.php(227): CodeIgniter\View\View->CodeIgniter\View\{closure}()
 4 SYSTEMPATH\Common.php(1173): CodeIgniter\View\View->render('enkripsi', [], true)
 5 APPPATH\Controllers\UjiKom.php(134): view('enkripsi', [...])
 6 SYSTEMPATH\CodeIgniter.php(933): App\Controllers\Ujikom->enkripsi()
 7 SYSTEMPATH\CodeIgniter.php(507): CodeIgniter\CodeIgniter->runController(Object(App\Controllers\Ujikom))
 8 SYSTEMPATH\CodeIgniter.php(354): CodeIgniter\CodeIgniter->handleRequest(null, Object(Config\Cache), false)
 9 SYSTEMPATH\Boot.php(334): CodeIgniter\CodeIgniter->run()
10 SYSTEMPATH\Boot.php(67): CodeIgniter\Boot::runCodeIgniter(Object(CodeIgniter\CodeIgniter))
11 FCPATH\index.php(56): CodeIgniter\Boot::bootWeb(Object(Config\Paths))
12 SYSTEMPATH\rewrite.php(44): require_once('C:\\xampp\\htdocs\\ujikom\\public\\index.php')
